year,Sector_Name,sector,value
2015,Agriculture,p1,97539
2015,Crops,p1.1,63852
2015,Rubber,p1.1.1,3348
2015,Oil palm,p1.1.2,37853
2015,Paddy,p1.1.3,2205
2015,Vegetables,p1.1.4,9541
2015,Fruits,p1.1.5,4155
2015,Food crops,p1.1.6,5718
2015,Others ,p1.1.7,1032
2015,Livestock,p1.2,12694
2015,Poultry,p1.2.1,7683
2015,Cattle,p1.2.2 ,1058
2015,Other livestocks,p1.2.3,3953
2015,Forestry and logging,p1.3,8810
2015,Fishing,p1.4,12181
2015,Marine fishing,p1.4.1,8007
2015,Aquaculture,p1.4.2,4175
2015,Mining and quarrying,p2,103059
2015,Crude oil and condensate,p2.1,46526
2015,Natural gas ,p2.2,49119
2015,Other mining & quarrying and supporting services,p2.3,7414
2015,Manufacturing,p3,262379
2015,"Minyak dan lemak daripada sayuran & haiwan, prosesan makanan, minuman dan produk tembakau",p3.1,32738
2015,Vegetable and animal oils & fats,p3.1.1,11713
2015,Food processing,p3.1.2,13428
2015,Beverages,p3.1.3,4152
2015,Tobacco products,p3.1.4,3445
2015,"Tekstil, pakaian dan produk kulit",p3.2,4923
2015,Textile and wearing apparel,p3.2.1,4296
2015,Leather and related products,p3.2.2,627
2015,"Produk kayu, perabot, keluaran kertas dan percetakan ",p3.3,13858
2015,Wood products ,p3.3.1,6471
2015,Paper and paper products,p3.3.2,3895
2015,Printing and reproduction of recorded media ,p3.3.3,3492
2015,"Produk petroleum, kimia, getah dan plastik",p3.4,78307
2015,Refined petroleum products,p3.4.1,34341
2015,Chemicals & chemical products and pharmaceutical products ,p3.4.2,28572
2015,Rubber products,p3.4.3,6415
2015,Plastics products,p3.4.4,8979
2015,"Produk mineral bukan logam, logam asas dan produk logam yang direka",p3.5,31572
2015,Non-metallic mineral products,p3.5.1,10321
2015,Basic metals,p3.5.2,7311
2015,Fabricated metal products,p3.5.3,13940
2015,"Produk elektrik, elektronik dan optikal",p3.6,70245
2015,Machinery and equipment,p3.6.1,8294
2015,Computers and peripheral equipment,p3.6.2,5388
2015,Electrical equipment,p3.6.3,5294
2015,"Electronic components & boards, communication equipment and consumer electronics",p3.6.4,46698
2015,"Manufacture of medical, precision & optical instrument, watches and clocks",p3.6.5,4571
2015,"Peralatan pengangkutan, pembuatan lain dan pembaikan",p3.7,30738
2015,Motor vehicles and transport equipment,p3.7.1,23066
2015,Furniture,p3.7.2,3927
2015,Other manufacturing and repair & installation of machinery and equipment,p3.7.3,3745
2015,Construction,p4,55382
2015,Buildings,p4.1,30606
2015,Residential buildings,p4.1.1,15246
2015,Non-residential buildings,p4.1.2,15360
2015,Civil engineering,p4.2,15373
2015,Specialised construction activities,p4.3,9402
2015,Services,p5,643883
2015,"Utilities, transportation & storage and information & communication",p5.1,136070
2015,Electricity and gas,p5.1.1,25774
2015,"Water, sewerage and waste management",p5.1.2,5936
2015,Transportation and storage,p5.1.3,42057
2015,Land transport,p5.1.3.1,10246
2015,Water transport,p5.1.3.2,6081
2015,Air transport,p5.1.3.3,5734
2015,Port and airport operation,p5.1.3.4,5817
2015,Highway operation,p5.1.3.5,6100
2015,Support activities for transportation,p5.1.3.6,6320
2015,Postal and courier ,p5.1.3.7,1759
2015,Information and communication,p5.1.4,62303
2015,Publishing and broadcasting activities ,p5.1.4.1,6646
2015,Telecommunications,p5.1.4.2,40999
2015,Computer and information service activities,p5.1.4.3,14657
2015,"Wholesale and retail trade, food & beverage and accommodation",p5.2,220242
2015,Wholesale and retail trade ,p5.2.1,184023
2015,Wholesale trade,p5.2.1.1,82183
2015,Retail trade,p5.2.1.2,78555
2015,Motor vehicles,p5.2.1.3,23285
2015,Food and beverage,p5.2.2,28352
2015,Accommodation,p5.2.3,7867
2015,"Finance and insurance, real estate and business services",p5.3,130064
2015,Finance,p5.3.1,60018
2015,Monetary intermediation,p5.3.1.1,50787
2015,Other financial intermediation and activities auxiliary to finance,p5.3.1.2,9231
2015,Insurance,p5.3.2,18616
2015,Insurance and pension funding,p5.3.2.1,18028
2015,Activities auxiliary to insurance,p5.3.2.2,587
2015,Real estate,p5.3.3,17561
2015,Business services,p5.3.4,33869
2015,"Professional, scientific and technical ",p5.3.4.1,22928
2015,Administrative and support services,p5.3.4.2,10942
2015,Other services,p5.4,57724
2015,Private health services,p5.4.1,8028
2015,Private education services,p5.4.2,9233
2015,Owner-occupied dwellings,p5.4.3,26271
2015,Non-profit institutions serving households,p5.4.4,320
2015,Domestic services of households,p5.4.5,1165
2015,Other services not elsewhere classified,p5.4.6,12707
2015,Government services,p5.5,99783
2015,General public services,p5.5.01,16180
2015,Defence,p5.5.02,8723
2015,Public order and safety,p5.5.03,10246
2015,Economic affairs,p5.5.04,8226
2015,Environmental protection,p5.5.05,367
2015,Housing and community amenities,p5.5.06,1247
2015,Health,p5.5.07,13131
2015,"Recreation, culture and religion",p5.5.08,1809
2015,Education,p5.5.09,38728
2015,Social protection,p5.5.10,1126
2015,Import duties,p6,14699
2016,Agriculture,p1,93977
2016,Crops,p1.1,59748
2016,Rubber,p1.1.1,3138
2016,Oil palm,p1.1.2,33063
2016,Paddy,p1.1.3,2246
2016,Vegetables,p1.1.4,10031
2016,Fruits,p1.1.5,4286
2016,Food crops,p1.1.6,5927
2016,Others ,p1.1.7,1057
2016,Livestock,p1.2,13154
2016,Poultry,p1.2.1,8015
2016,Cattle,p1.2.2 ,1044
2016,Other livestocks,p1.2.3,4096
2016,Forestry and logging,p1.3,8642
2016,Fishing,p1.4,12433
2016,Marine fishing,p1.4.1,8380
2016,Aquaculture,p1.4.2,4053
2016,Mining and quarrying,p2,105368
2016,Crude oil and condensate,p2.1,46821
2016,Natural gas ,p2.2,50607
2016,Other mining & quarrying and supporting services,p2.3,7940
2016,Manufacturing,p3,273899
2016,"Minyak dan lemak daripada sayuran & haiwan, prosesan makanan, minuman dan produk tembakau",p3.1,33679
2016,Vegetable and animal oils & fats,p3.1.1,11336
2016,Food processing,p3.1.2,14233
2016,Beverages,p3.1.3,4557
2016,Tobacco products,p3.1.4,3553
2016,"Tekstil, pakaian dan produk kulit",p3.2,5264
2016,Textile and wearing apparel,p3.2.1,4584
2016,Leather and related products,p3.2.2,680
2016,"Produk kayu, perabot, keluaran kertas dan percetakan ",p3.3,14452
2016,Wood products ,p3.3.1,6699
2016,Paper and paper products,p3.3.2,4066
2016,Printing and reproduction of recorded media ,p3.3.3,3687
2016,"Produk petroleum, kimia, getah dan plastik",p3.4,81717
2016,Refined petroleum products,p3.4.1,35522
2016,Chemicals & chemical products and pharmaceutical products ,p3.4.2,30239
2016,Rubber products,p3.4.3,6642
2016,Plastics products,p3.4.4,9314
2016,"Produk mineral bukan logam, logam asas dan produk logam yang direka",p3.5,32907
2016,Non-metallic mineral products,p3.5.1,10778
2016,Basic metals,p3.5.2,7476
2016,Fabricated metal products,p3.5.3,14653
2016,"Produk elektrik, elektronik dan optikal",p3.6,75556
2016,Machinery and equipment,p3.6.1,8753
2016,Computers and peripheral equipment,p3.6.2,5625
2016,Electrical equipment,p3.6.3,5600
2016,"Electronic components & boards, communication equipment and consumer electronics",p3.6.4,50641
2016,"Manufacture of medical, precision & optical instrument, watches and clocks",p3.6.5,4937
2016,"Peralatan pengangkutan, pembuatan lain dan pembaikan",p3.7,30325
2016,Motor vehicles and transport equipment,p3.7.1,22120
2016,Furniture,p3.7.2,4318
2016,Other manufacturing and repair & installation of machinery and equipment,p3.7.3,3887
2016,Construction,p4,59508
2016,Buildings,p4.1,31746
2016,Residential buildings,p4.1.1,16549
2016,Non-residential buildings,p4.1.2,15197
2016,Civil engineering,p4.2,17791
2016,Specialised construction activities,p4.3,9972
2016,Services,p5,680561
2016,"Utilities, transportation & storage and information & communication",p5.1,145176
2016,Electricity and gas,p5.1.1,27075
2016,"Water, sewerage and waste management",p5.1.2,6337
2016,Transportation and storage,p5.1.3,44463
2016,Land transport,p5.1.3.1,10936
2016,Water transport,p5.1.3.2,6169
2016,Air transport,p5.1.3.3,5904
2016,Port and airport operation,p5.1.3.4,6230
2016,Highway operation,p5.1.3.5,6621
2016,Support activities for transportation,p5.1.3.6,6733
2016,Postal and courier ,p5.1.3.7,1869
2016,Information and communication,p5.1.4,67301
2016,Publishing and broadcasting activities ,p5.1.4.1,6875
2016,Telecommunications,p5.1.4.2,44870
2016,Computer and information service activities,p5.1.4.3,15556
2016,"Wholesale and retail trade, food & beverage and accommodation",p5.2,234538
2016,Wholesale and retail trade ,p5.2.1,195707
2016,Wholesale trade,p5.2.1.1,89007
2016,Retail trade,p5.2.1.2,84103
2016,Motor vehicles,p5.2.1.3,22598
2016,Food and beverage,p5.2.2,30575
2016,Accommodation,p5.2.3,8256
2016,"Finance and insurance, real estate and business services",p5.3,135688
2016,Finance,p5.3.1,60888
2016,Monetary intermediation,p5.3.1.1,51534
2016,Other financial intermediation and activities auxiliary to finance,p5.3.1.2,9353
2016,Insurance,p5.3.2,19835
2016,Insurance and pension funding,p5.3.2.1,19232
2016,Activities auxiliary to insurance,p5.3.2.2,603
2016,Real estate,p5.3.3,18412
2016,Business services,p5.3.4,36553
2016,"Professional, scientific and technical ",p5.3.4.1,24829
2016,Administrative and support services,p5.3.4.2,11724
2016,Other services,p5.4,60538
2016,Private health services,p5.4.1,8473
2016,Private education services,p5.4.2,9856
2016,Owner-occupied dwellings,p5.4.3,27491
2016,Non-profit institutions serving households,p5.4.4,329
2016,Domestic services of households,p5.4.5,1181
2016,Other services not elsewhere classified,p5.4.6,13208
2016,Government services,p5.5,104620
2016,General public services,p5.5.01,16725
2016,Defence,p5.5.02,8743
2016,Public order and safety,p5.5.03,9937
2016,Economic affairs,p5.5.04,8666
2016,Environmental protection,p5.5.05,367
2016,Housing and community amenities,p5.5.06,1485
2016,Health,p5.5.07,14647
2016,"Recreation, culture and religion",p5.5.08,1811
2016,Education,p5.5.09,41095
2016,Social protection,p5.5.10,1144
2016,Import duties,p6,16000
2017,Agriculture,p1,99509
2017,Crops,p1.1,66092
2017,Rubber,p1.1.1,3432
2017,Oil palm,p1.1.2,38366
2017,Paddy,p1.1.3,2225
2017,Vegetables,p1.1.4,10400
2017,Fruits,p1.1.5,4414
2017,Food crops,p1.1.6,6143
2017,Others ,p1.1.7,1112
2017,Livestock,p1.2,13827
2017,Poultry,p1.2.1,8330
2017,Cattle,p1.2.2 ,1029
2017,Other livestocks,p1.2.3,4468
2017,Forestry and logging,p1.3,7266
2017,Fishing,p1.4,12325
2017,Marine fishing,p1.4.1,8093
2017,Aquaculture,p1.4.2,4231
2017,Mining and quarrying,p2,105838
2017,Crude oil and condensate,p2.1,45807
2017,Natural gas ,p2.2,51492
2017,Other mining & quarrying and supporting services,p2.3,8539
2017,Manufacturing,p3,290464
2017,"Minyak dan lemak daripada sayuran & haiwan, prosesan makanan, minuman dan produk tembakau",p3.1,37019
2017,Vegetable and animal oils & fats,p3.1.1,13326
2017,Food processing,p3.1.2,15094
2017,Beverages,p3.1.3,4975
2017,Tobacco products,p3.1.4,3624
2017,"Tekstil, pakaian dan produk kulit",p3.2,5682
2017,Textile and wearing apparel,p3.2.1,4960
2017,Leather and related products,p3.2.2,722
2017,"Produk kayu, perabot, keluaran kertas dan percetakan ",p3.3,15088
2017,Wood products ,p3.3.1,6938
2017,Paper and paper products,p3.3.2,4287
2017,Printing and reproduction of recorded media ,p3.3.3,3863
2017,"Produk petroleum, kimia, getah dan plastik",p3.4,84999
2017,Refined petroleum products,p3.4.1,36750
2017,Chemicals & chemical products and pharmaceutical products ,p3.4.2,31612
2017,Rubber products,p3.4.3,7062
2017,Plastics products,p3.4.4,9575
2017,"Produk mineral bukan logam, logam asas dan produk logam yang direka",p3.5,34517
2017,Non-metallic mineral products,p3.5.1,11265
2017,Basic metals,p3.5.2,7865
2017,Fabricated metal products,p3.5.3,15387
2017,"Produk elektrik, elektronik dan optikal",p3.6,81217
2017,Machinery and equipment,p3.6.1,9203
2017,Computers and peripheral equipment,p3.6.2,5240
2017,Electrical equipment,p3.6.3,6060
2017,"Electronic components & boards, communication equipment and consumer electronics",p3.6.4,55731
2017,"Manufacture of medical, precision & optical instrument, watches and clocks",p3.6.5,4983
2017,"Peralatan pengangkutan, pembuatan lain dan pembaikan",p3.7,31942
2017,Motor vehicles and transport equipment,p3.7.1,23139
2017,Furniture,p3.7.2,4569
2017,Other manufacturing and repair & installation of machinery and equipment,p3.7.3,4234
2017,Construction,p4,63522
2017,Buildings,p4.1,32525
2017,Residential buildings,p4.1.1,16988
2017,Non-residential buildings,p4.1.2,15537
2017,Civil engineering,p4.2,20253
2017,Specialised construction activities,p4.3,10743
2017,Services,p5,723361
2017,"Utilities, transportation & storage and information & communication",p5.1,154721
2017,Electricity and gas,p5.1.1,27671
2017,"Water, sewerage and waste management",p5.1.2,6725
2017,Transportation and storage,p5.1.3,47212
2017,Land transport,p5.1.3.1,11695
2017,Water transport,p5.1.3.2,6304
2017,Air transport,p5.1.3.3,6093
2017,Port and airport operation,p5.1.3.4,6735
2017,Highway operation,p5.1.3.5,7146
2017,Support activities for transportation,p5.1.3.6,7230
2017,Postal and courier ,p5.1.3.7,2009
2017,Information and communication,p5.1.4,73113
2017,Publishing and broadcasting activities ,p5.1.4.1,7374
2017,Telecommunications,p5.1.4.2,49058
2017,Computer and information service activities,p5.1.4.3,16682
2017,"Wholesale and retail trade, food & beverage and accommodation",p5.2,251632
2017,Wholesale and retail trade ,p5.2.1,209885
2017,Wholesale trade,p5.2.1.1,94906
2017,Retail trade,p5.2.1.2,92077
2017,Motor vehicles,p5.2.1.3,22902
2017,Food and beverage,p5.2.2,33043
2017,Accommodation,p5.2.3,8704
2017,"Finance and insurance, real estate and business services",p5.3,143664
2017,Finance,p5.3.1,63973
2017,Monetary intermediation,p5.3.1.1,53835
2017,Other financial intermediation and activities auxiliary to finance,p5.3.1.2,10137
2017,Insurance,p5.3.2,20559
2017,Insurance and pension funding,p5.3.2.1,19948
2017,Activities auxiliary to insurance,p5.3.2.2,611
2017,Real estate,p5.3.3,19393
2017,Business services,p5.3.4,39739
2017,"Professional, scientific and technical ",p5.3.4.1,27158
2017,Administrative and support services,p5.3.4.2,12580
2017,Other services,p5.4,63648
2017,Private health services,p5.4.1,8965
2017,Private education services,p5.4.2,10501
2017,Owner-occupied dwellings,p5.4.3,28796
2017,Non-profit institutions serving households,p5.4.4,341
2017,Domestic services of households,p5.4.5,1199
2017,Other services not elsewhere classified,p5.4.6,13846
2017,Government services,p5.5,109694
2017,General public services,p5.5.01,15881
2017,Defence,p5.5.02,9025
2017,Public order and safety,p5.5.03,10335
2017,Economic affairs,p5.5.04,9356
2017,Environmental protection,p5.5.05,395
2017,Housing and community amenities,p5.5.06,1859
2017,Health,p5.5.07,15816
2017,"Recreation, culture and religion",p5.5.08,2064
2017,Education,p5.5.09,43627
2017,Social protection,p5.5.10,1337
2017,Import duties,p6,18076
2018,Agriculture,p1,99637
2018,Crops,p1.1,65842
2018,Rubber,p1.1.1,2829
2018,Oil palm,p1.1.2,37664
2018,Paddy,p1.1.3,2362
2018,Vegetables,p1.1.4,10837
2018,Fruits,p1.1.5,4613
2018,Food crops,p1.1.6,6395
2018,Others ,p1.1.7,1142
2018,Livestock,p1.2,14584
2018,Poultry,p1.2.1,8669
2018,Cattle,p1.2.2 ,1037
2018,Other livestocks,p1.2.3,4878
2018,Forestry and logging,p1.3,6986
2018,Fishing,p1.4,12225
2018,Marine fishing,p1.4.1,8081
2018,Aquaculture,p1.4.2,4144
2018,Mining and quarrying,p2,103557
2018,Crude oil and condensate,p2.1,45430
2018,Natural gas ,p2.2,49322
2018,Other mining & quarrying and supporting services,p2.3,8806
2018,Manufacturing,p3,304843
2018,"Minyak dan lemak daripada sayuran & haiwan, prosesan makanan, minuman dan produk tembakau",p3.1,38287
2018,Vegetable and animal oils & fats,p3.1.1,13319
2018,Food processing,p3.1.2,16149
2018,Beverages,p3.1.3,5133
2018,Tobacco products,p3.1.4,3686
2018,"Tekstil, pakaian dan produk kulit",p3.2,5926
2018,Textile and wearing apparel,p3.2.1,5178
2018,Leather and related products,p3.2.2,748
2018,"Produk kayu, perabot, keluaran kertas dan percetakan ",p3.3,15809
2018,Wood products ,p3.3.1,7323
2018,Paper and paper products,p3.3.2,4473
2018,Printing and reproduction of recorded media ,p3.3.3,4013
2018,"Produk petroleum, kimia, getah dan plastik",p3.4,88418
2018,Refined petroleum products,p3.4.1,37962
2018,Chemicals & chemical products and pharmaceutical products ,p3.4.2,33071
2018,Rubber products,p3.4.3,7419
2018,Plastics products,p3.4.4,9966
2018,"Produk mineral bukan logam, logam asas dan produk logam yang direka",p3.5,36224
2018,Non-metallic mineral products,p3.5.1,11887
2018,Basic metals,p3.5.2,8176
2018,Fabricated metal products,p3.5.3,16161
2018,"Produk elektrik, elektronik dan optikal",p3.6,86317
2018,Machinery and equipment,p3.6.1,9690
2018,Computers and peripheral equipment,p3.6.2,5456
2018,Electrical equipment,p3.6.3,6115
2018,"Electronic components & boards, communication equipment and consumer electronics",p3.6.4,59699
2018,"Manufacture of medical, precision & optical instrument, watches and clocks",p3.6.5,5357
2018,"Peralatan pengangkutan, pembuatan lain dan pembaikan",p3.7,33859
2018,Motor vehicles and transport equipment,p3.7.1,24582
2018,Furniture,p3.7.2,4761
2018,Other manufacturing and repair & installation of machinery and equipment,p3.7.3,4516
2018,Construction,p4,66194
2018,Buildings,p4.1,31160
2018,Residential buildings,p4.1.1,15812
2018,Non-residential buildings,p4.1.2,15348
2018,Civil engineering,p4.2,23354
2018,Specialised construction activities,p4.3,11681
2018,Services,p5,772990
2018,"Utilities, transportation & storage and information & communication",p5.1,165427
2018,Electricity and gas,p5.1.1,28932
2018,"Water, sewerage and waste management",p5.1.2,7177
2018,Transportation and storage,p5.1.3,50208
2018,Land transport,p5.1.3.1,12518
2018,Water transport,p5.1.3.2,6464
2018,Air transport,p5.1.3.3,6210
2018,Port and airport operation,p5.1.3.4,7308
2018,Highway operation,p5.1.3.5,7719
2018,Support activities for transportation,p5.1.3.6,7787
2018,Postal and courier ,p5.1.3.7,2203
2018,Information and communication,p5.1.4,79110
2018,Publishing and broadcasting activities ,p5.1.4.1,7785
2018,Telecommunications,p5.1.4.2,53346
2018,Computer and information service activities,p5.1.4.3,17979
2018,"Wholesale and retail trade, food & beverage and accommodation",p5.2,272668
2018,Wholesale and retail trade ,p5.2.1,227166
2018,Wholesale trade,p5.2.1.1,101927
2018,Retail trade,p5.2.1.2,101471
2018,Motor vehicles,p5.2.1.3,23769
2018,Food and beverage,p5.2.2,36263
2018,Accommodation,p5.2.3,9239
2018,"Finance and insurance, real estate and business services",p5.3,152834
2018,Finance,p5.3.1,66485
2018,Monetary intermediation,p5.3.1.1,56116
2018,Other financial intermediation and activities auxiliary to finance,p5.3.1.2,10369
2018,Insurance,p5.3.2,22604
2018,Insurance and pension funding,p5.3.2.1,21974
2018,Activities auxiliary to insurance,p5.3.2.2,629
2018,Real estate,p5.3.3,20381
2018,Business services,p5.3.4,43364
2018,"Professional, scientific and technical ",p5.3.4.1,29800
2018,Administrative and support services,p5.3.4.2,13564
2018,Other services,p5.4,67170
2018,Private health services,p5.4.1,9504
2018,Private education services,p5.4.2,11156
2018,Owner-occupied dwellings,p5.4.3,30131
2018,Non-profit institutions serving households,p5.4.4,354
2018,Domestic services of households,p5.4.5,1227
2018,Other services not elsewhere classified,p5.4.6,14798
2018,Government services,p5.5,114891
2018,General public services,p5.5.01,14724
2018,Defence,p5.5.02,7910
2018,Public order and safety,p5.5.03,10438
2018,Economic affairs,p5.5.04,14401
2018,Environmental protection,p5.5.05,322
2018,Housing and community amenities,p5.5.06,2410
2018,Health,p5.5.07,16577
2018,"Recreation, culture and religion",p5.5.08,1711
2018,Education,p5.5.09,44296
2018,Social protection,p5.5.10,2102
2018,Import duties,p6,16546
2019,Agriculture,p1,101573
2019,Crops,p1.1,67610
2019,Rubber,p1.1.1,3002
2019,Oil palm,p1.1.2,38239
2019,Paddy,p1.1.3,2363
2019,Vegetables,p1.1.4,11374
2019,Fruits,p1.1.5,4760
2019,Food crops,p1.1.6,6694
2019,Others ,p1.1.7,1178
2019,Livestock,p1.2,15459
2019,Poultry,p1.2.1,9267
2019,Cattle,p1.2.2 ,1101
2019,Other livestocks,p1.2.3,5091
2019,Forestry and logging,p1.3,6382
2019,Fishing,p1.4,12122
2019,Marine fishing,p1.4.1,8054
2019,Aquaculture,p1.4.2,4068
2019,Mining and quarrying,p2,102887
2019,Crude oil and condensate,p2.1,42460
2019,Natural gas ,p2.2,50643
2019,Other mining & quarrying and supporting services,p2.3,9784
2019,Manufacturing,p3,316283
2019,"Minyak dan lemak daripada sayuran & haiwan, prosesan makanan, minuman dan produk tembakau",p3.1,39629
2019,Vegetable and animal oils & fats,p3.1.1,13178
2019,Food processing,p3.1.2,17270
2019,Beverages,p3.1.3,5282
2019,Tobacco products,p3.1.4,3899
2019,"Tekstil, pakaian dan produk kulit",p3.2,6252
2019,Textile and wearing apparel,p3.2.1,5466
2019,Leather and related products,p3.2.2,786
2019,"Produk kayu, perabot, keluaran kertas dan percetakan ",p3.3,16545
2019,Wood products ,p3.3.1,7691
2019,Paper and paper products,p3.3.2,4672
2019,Printing and reproduction of recorded media ,p3.3.3,4182
2019,"Produk petroleum, kimia, getah dan plastik",p3.4,90982
2019,Refined petroleum products,p3.4.1,39026
2019,Chemicals & chemical products and pharmaceutical products ,p3.4.2,33767
2019,Rubber products,p3.4.3,7939
2019,Plastics products,p3.4.4,10250
2019,"Produk mineral bukan logam, logam asas dan produk logam yang direka",p3.5,37716
2019,Non-metallic mineral products,p3.5.1,12438
2019,Basic metals,p3.5.2,8498
2019,Fabricated metal products,p3.5.3,16780
2019,"Produk elektrik, elektronik dan optikal",p3.6,89133
2019,Machinery and equipment,p3.6.1,10075
2019,Computers and peripheral equipment,p3.6.2,5715
2019,Electrical equipment,p3.6.3,6293
2019,"Electronic components & boards, communication equipment and consumer electronics",p3.6.4,61671
2019,"Manufacture of medical, precision & optical instrument, watches and clocks",p3.6.5,5379
2019,"Peralatan pengangkutan, pembuatan lain dan pembaikan",p3.7,36027
2019,Motor vehicles and transport equipment,p3.7.1,26171
2019,Furniture,p3.7.2,5140
2019,Other manufacturing and repair & installation of machinery and equipment,p3.7.3,4716
2019,Construction,p4,66453
2019,Buildings,p4.1,29540
2019,Residential buildings,p4.1.1,15352
2019,Non-residential buildings,p4.1.2,14188
2019,Civil engineering,p4.2,24823
2019,Specialised construction activities,p4.3,12089
2019,Services,p5,820576
2019,"Utilities, transportation & storage and information & communication",p5.1,176184
2019,Electricity and gas,p5.1.1,30596
2019,"Water, sewerage and waste management",p5.1.2,7731
2019,Transportation and storage,p5.1.3,53632
2019,Land transport,p5.1.3.1,13463
2019,Water transport,p5.1.3.2,6625
2019,Air transport,p5.1.3.3,6388
2019,Port and airport operation,p5.1.3.4,7946
2019,Highway operation,p5.1.3.5,8378
2019,Support activities for transportation,p5.1.3.6,8417
2019,Postal and courier ,p5.1.3.7,2414
2019,Information and communication,p5.1.4,84225
2019,Publishing and broadcasting activities ,p5.1.4.1,8091
2019,Telecommunications,p5.1.4.2,57104
2019,Computer and information service activities,p5.1.4.3,19031
2019,"Wholesale and retail trade, food & beverage and accommodation",p5.2,292526
2019,Wholesale and retail trade ,p5.2.1,242704
2019,Wholesale trade,p5.2.1.1,107690
2019,Retail trade,p5.2.1.2,110245
2019,Motor vehicles,p5.2.1.3,24769
2019,Food and beverage,p5.2.2,39971
2019,Accommodation,p5.2.3,9851
2019,"Finance and insurance, real estate and business services",p5.3,162121
2019,Finance,p5.3.1,69388
2019,Monetary intermediation,p5.3.1.1,58507
2019,Other financial intermediation and activities auxiliary to finance,p5.3.1.2,10881
2019,Insurance,p5.3.2,23970
2019,Insurance and pension funding,p5.3.2.1,23362
2019,Activities auxiliary to insurance,p5.3.2.2,608
2019,Real estate,p5.3.3,21433
2019,Business services,p5.3.4,47330
2019,"Professional, scientific and technical ",p5.3.4.1,32710
2019,Administrative and support services,p5.3.4.2,14620
2019,Other services,p5.4,70943
2019,Private health services,p5.4.1,10070
2019,Private education services,p5.4.2,11801
2019,Owner-occupied dwellings,p5.4.3,31514
2019,Non-profit institutions serving households,p5.4.4,373
2019,Domestic services of households,p5.4.5,1268
2019,Other services not elsewhere classified,p5.4.6,15917
2019,Government services,p5.5,118804
2019,General public services,p5.5.01,14241
2019,Defence,p5.5.02,7801
2019,Public order and safety,p5.5.03,9707
2019,Economic affairs,p5.5.04,16097
2019,Environmental protection,p5.5.05,333
2019,Housing and community amenities,p5.5.06,2952
2019,Health,p5.5.07,17650
2019,"Recreation, culture and religion",p5.5.08,2193
2019,Education,p5.5.09,46115
2019,Social protection,p5.5.10,1716
2019,Import duties,p6,16179
2020,Agriculture,p1,99109
2020,Crops,p1.1,66681
2020,Rubber,p1.1.1,2444
2020,Oil palm,p1.1.2,36869
2020,Paddy,p1.1.3,2388
2020,Vegetables,p1.1.4,12152
2020,Fruits,p1.1.5,4929
2020,Food crops,p1.1.6,6687
2020,Others ,p1.1.7,1212
2020,Livestock,p1.2,16002
2020,Poultry,p1.2.1,9683
2020,Cattle,p1.2.2 ,1199
2020,Other livestocks,p1.2.3,5120
2020,Forestry and logging,p1.3,5140
2020,Fishing,p1.4,11286
2020,Marine fishing,p1.4.1,7293
2020,Aquaculture,p1.4.2,3992
2020,Mining and quarrying,p2,92879
2020,Crude oil and condensate,p2.1,38430
2020,Natural gas ,p2.2,45896
2020,Other mining & quarrying and supporting services,p2.3,8554
2020,Manufacturing,p3,307606
2020,"Minyak dan lemak daripada sayuran & haiwan, prosesan makanan, minuman dan produk tembakau",p3.1,38590
2020,Vegetable and animal oils & fats,p3.1.1,12771
2020,Food processing,p3.1.2,18110
2020,Beverages,p3.1.3,4526
2020,Tobacco products,p3.1.4,3183
2020,"Tekstil, pakaian dan produk kulit",p3.2,5444
2020,Textile and wearing apparel,p3.2.1,4809
2020,Leather and related products,p3.2.2,635
2020,"Produk kayu, perabot, keluaran kertas dan percetakan ",p3.3,15289
2020,Wood products ,p3.3.1,6768
2020,Paper and paper products,p3.3.2,4547
2020,Printing and reproduction of recorded media ,p3.3.3,3974
2020,"Produk petroleum, kimia, getah dan plastik",p3.4,90084
2020,Refined petroleum products,p3.4.1,35286
2020,Chemicals & chemical products and pharmaceutical products ,p3.4.2,32201
2020,Rubber products,p3.4.3,12076
2020,Plastics products,p3.4.4,10521
2020,"Produk mineral bukan logam, logam asas dan produk logam yang direka",p3.5,32797
2020,Non-metallic mineral products,p3.5.1,10569
2020,Basic metals,p3.5.2,8055
2020,Fabricated metal products,p3.5.3,14173
2020,"Produk elektrik, elektronik dan optikal",p3.6,91362
2020,Machinery and equipment,p3.6.1,10212
2020,Computers and peripheral equipment,p3.6.2,5637
2020,Electrical equipment,p3.6.3,6317
2020,"Electronic components & boards, communication equipment and consumer electronics",p3.6.4,63889
2020,"Manufacture of medical, precision & optical instrument, watches and clocks",p3.6.5,5307
2020,"Peralatan pengangkutan, pembuatan lain dan pembaikan",p3.7,34040
2020,Motor vehicles and transport equipment,p3.7.1,24935
2020,Furniture,p3.7.2,4785
2020,Other manufacturing and repair & installation of machinery and equipment,p3.7.3,4320
2020,Construction,p4,53616
2020,Buildings,p4.1,24764
2020,Residential buildings,p4.1.1,12819
2020,Non-residential buildings,p4.1.2,11945
2020,Civil engineering,p4.2,17836
2020,Specialised construction activities,p4.3,11015
2020,Services,p5,777693
2020,"Utilities, transportation & storage and information & communication",p5.1,169232
2020,Electricity and gas,p5.1.1,29610
2020,"Water, sewerage and waste management",p5.1.2,8341
2020,Transportation and storage,p5.1.3,42078
2020,Land transport,p5.1.3.1,9830
2020,Water transport,p5.1.3.2,6006
2020,Air transport,p5.1.3.3,2113
2020,Port and airport operation,p5.1.3.4,7082
2020,Highway operation,p5.1.3.5,7190
2020,Support activities for transportation,p5.1.3.6,7048
2020,Postal and courier ,p5.1.3.7,2809
2020,Information and communication,p5.1.4,89203
2020,Publishing and broadcasting activities ,p5.1.4.1,7222
2020,Telecommunications,p5.1.4.2,62387
2020,Computer and information service activities,p5.1.4.3,19594
2020,"Wholesale and retail trade, food & beverage and accommodation",p5.2,265100
2020,Wholesale and retail trade ,p5.2.1,228561
2020,Wholesale trade,p5.2.1.1,102246
2020,Retail trade,p5.2.1.2,103999
2020,Motor vehicles,p5.2.1.3,22315
2020,Food and beverage,p5.2.2,31675
2020,Accommodation,p5.2.3,4864
2020,"Finance and insurance, real estate and business services",p5.3,154867
2020,Finance,p5.3.1,70952
2020,Monetary intermediation,p5.3.1.1,58675
2020,Other financial intermediation and activities auxiliary to finance,p5.3.1.2,12277
2020,Insurance,p5.3.2,25150
2020,Insurance and pension funding,p5.3.2.1,24591
2020,Activities auxiliary to insurance,p5.3.2.2,559
2020,Real estate,p5.3.3,17766
2020,Business services,p5.3.4,40999
2020,"Professional, scientific and technical ",p5.3.4.1,30041
2020,Administrative and support services,p5.3.4.2,10959
2020,Other services,p5.4,63796
2020,Private health services,p5.4.1,9454
2020,Private education services,p5.4.2,10994
2020,Owner-occupied dwellings,p5.4.3,32606
2020,Non-profit institutions serving households,p5.4.4,460
2020,Domestic services of households,p5.4.5,1141
2020,Other services not elsewhere classified,p5.4.6,9141
2020,Government services,p5.5,124699
2020,General public services,p5.5.01,12147
2020,Defence,p5.5.02,8148
2020,Public order and safety,p5.5.03,10204
2020,Economic affairs,p5.5.04,17669
2020,Environmental protection,p5.5.05,421
2020,Housing and community amenities,p5.5.06,3897
2020,Health,p5.5.07,19652
2020,"Recreation, culture and religion",p5.5.08,2256
2020,Education,p5.5.09,47583
2020,Social protection,p5.5.10,2722
2020,Import duties,p6,15346
2021,Agriculture,p1,98843
2021,Crops,p1.1,65857
2021,Rubber,p1.1.1,2230
2021,Oil palm,p1.1.2,34789
2021,Paddy,p1.1.3,2433
2021,Vegetables,p1.1.4,13120
2021,Fruits,p1.1.5,5335
2021,Food crops,p1.1.6,6710
2021,Others ,p1.1.7,1240
2021,Livestock,p1.2,16495
2021,Poultry,p1.2.1,9993
2021,Cattle,p1.2.2 ,1258
2021,Other livestocks,p1.2.3,5244
2021,Forestry and logging,p1.3,5241
2021,Fishing,p1.4,11250
2021,Marine fishing,p1.4.1,7266
2021,Aquaculture,p1.4.2,3984
2021,Mining and quarrying,p2,93717
2021,Crude oil and condensate,p2.1,36410
2021,Natural gas ,p2.2,49166
2021,Other mining & quarrying and supporting services,p2.3,8142
2021,Manufacturing,p3,336724
2021,"Minyak dan lemak daripada sayuran & haiwan, prosesan makanan, minuman dan produk tembakau",p3.1,39272
2021,Vegetable and animal oils & fats,p3.1.1,11618
2021,Food processing,p3.1.2,19898
2021,Beverages,p3.1.3,4975
2021,Tobacco products,p3.1.4,2781
2021,"Tekstil, pakaian dan produk kulit",p3.2,5837
2021,Textile and wearing apparel,p3.2.1,5132
2021,Leather and related products,p3.2.2,705
2021,"Produk kayu, perabot, keluaran kertas dan percetakan ",p3.3,16728
2021,Wood products ,p3.3.1,7383
2021,Paper and paper products,p3.3.2,5238
2021,Printing and reproduction of recorded media ,p3.3.3,4107
2021,"Produk petroleum, kimia, getah dan plastik",p3.4,101787
2021,Refined petroleum products,p3.4.1,39784
2021,Chemicals & chemical products and pharmaceutical products ,p3.4.2,35502
2021,Rubber products,p3.4.3,14722
2021,Plastics products,p3.4.4,11779
2021,"Produk mineral bukan logam, logam asas dan produk logam yang direka",p3.5,34101
2021,Non-metallic mineral products,p3.5.1,10695
2021,Basic metals,p3.5.2,8277
2021,Fabricated metal products,p3.5.3,15129
2021,"Produk elektrik, elektronik dan optikal",p3.6,104745
2021,Machinery and equipment,p3.6.1,11291
2021,Computers and peripheral equipment,p3.6.2,6407
2021,Electrical equipment,p3.6.3,7187
2021,"Electronic components & boards, communication equipment and consumer electronics",p3.6.4,74092
2021,"Manufacture of medical, precision & optical instrument, watches and clocks",p3.6.5,5768
2021,"Peralatan pengangkutan, pembuatan lain dan pembaikan",p3.7,34253
2021,Motor vehicles and transport equipment,p3.7.1,25265
2021,Furniture,p3.7.2,4613
2021,Other manufacturing and repair & installation of machinery and equipment,p3.7.3,4375
2021,Construction,p4,50839
2021,Buildings,p4.1,22958
2021,Residential buildings,p4.1.1,11227
2021,Non-residential buildings,p4.1.2,11731
2021,Civil engineering,p4.2,14590
2021,Specialised construction activities,p4.3,13291
2021,Services,p5,795116
2021,"Utilities, transportation & storage and information & communication",p5.1,176224
2021,Electricity and gas,p5.1.1,30200
2021,"Water, sewerage and waste management",p5.1.2,8821
2021,Transportation and storage,p5.1.3,42603
2021,Land transport,p5.1.3.1,10171
2021,Water transport,p5.1.3.2,6217
2021,Air transport,p5.1.3.3,1311
2021,Port and airport operation,p5.1.3.4,7239
2021,Highway operation,p5.1.3.5,7051
2021,Support activities for transportation,p5.1.3.6,7456
2021,Postal and courier ,p5.1.3.7,3158
2021,Information and communication,p5.1.4,94600
2021,Publishing and broadcasting activities ,p5.1.4.1,7140
2021,Telecommunications,p5.1.4.2,67458
2021,Computer and information service activities,p5.1.4.3,20002
2021,"Wholesale and retail trade, food & beverage and accommodation",p5.2,266308
2021,Wholesale and retail trade ,p5.2.1,233686
2021,Wholesale trade,p5.2.1.1,106071
2021,Retail trade,p5.2.1.2,107382
2021,Motor vehicles,p5.2.1.3,20233
2021,Food and beverage,p5.2.2,28938
2021,Accommodation,p5.2.3,3684
2021,"Finance and insurance, real estate and business services",p5.3,159192
2021,Finance,p5.3.1,77344
2021,Monetary intermediation,p5.3.1.1,64717
2021,Other financial intermediation and activities auxiliary to finance,p5.3.1.2,12627
2021,Insurance,p5.3.2,28428
2021,Insurance and pension funding,p5.3.2.1,27838
2021,Activities auxiliary to insurance,p5.3.2.2,590
2021,Real estate,p5.3.3,15466
2021,Business services,p5.3.4,37954
2021,"Professional, scientific and technical ",p5.3.4.1,28506
2021,Administrative and support services,p5.3.4.2,9448
2021,Other services,p5.4,61910
2021,Private health services,p5.4.1,10246
2021,Private education services,p5.4.2,10592
2021,Owner-occupied dwellings,p5.4.3,33104
2021,Non-profit institutions serving households,p5.4.4,498
2021,Domestic services of households,p5.4.5,993
2021,Other services not elsewhere classified,p5.4.6,6477
2021,Government services,p5.5,131482
2021,General public services,p5.5.01,15400
2021,Defence,p5.5.02,8240
2021,Public order and safety,p5.5.03,10739
2021,Economic affairs,p5.5.04,17696
2021,Environmental protection,p5.5.05,468
2021,Housing and community amenities,p5.5.06,3694
2021,Health,p5.5.07,21521
2021,"Recreation, culture and religion",p5.5.08,2602
2021,Education,p5.5.09,48983
2021,Social protection,p5.5.10,2140
2021,Import duties,p6,15642
2022,Agriculture,p1,100082
2022,Crops,p1.1,66678
2022,Rubber,p1.1.1,1790
2022,Oil palm,p1.1.2,36120
2022,Paddy,p1.1.3,2224
2022,Vegetables,p1.1.4,13148
2022,Fruits,p1.1.5,5369
2022,Food crops,p1.1.6,6725
2022,Others ,p1.1.7,1302
2022,Livestock,p1.2,16579
2022,Poultry,p1.2.1,10117
2022,Cattle,p1.2.2 ,1246
2022,Other livestocks,p1.2.3,5216
2022,Forestry and logging,p1.3,5271
2022,Fishing,p1.4,11555
2022,Marine fishing,p1.4.1,7255
2022,Aquaculture,p1.4.2,4300
2022,Mining and quarrying,p2,97001
2022,Crude oil and condensate,p2.1,36283
2022,Natural gas ,p2.2,51748
2022,Other mining & quarrying and supporting services,p2.3,8969
2022,Manufacturing,p3,364124
2022,"Minyak dan lemak daripada sayuran & haiwan, prosesan makanan, minuman dan produk tembakau",p3.1,41917
2022,Vegetable and animal oils & fats,p3.1.1,11381
2022,Food processing,p3.1.2,21474
2022,Beverages,p3.1.3,5624
2022,Tobacco products,p3.1.4,3438
2022,"Tekstil, pakaian dan produk kulit",p3.2,6171
2022,Textile and wearing apparel,p3.2.1,5294
2022,Leather and related products,p3.2.2,877
2022,"Produk kayu, perabot, keluaran kertas dan percetakan ",p3.3,17889
2022,Wood products ,p3.3.1,7893
2022,Paper and paper products,p3.3.2,5632
2022,Printing and reproduction of recorded media ,p3.3.3,4364
2022,"Produk petroleum, kimia, getah dan plastik",p3.4,102892
2022,Refined petroleum products,p3.4.1,41934
2022,Chemicals & chemical products and pharmaceutical products ,p3.4.2,36600
2022,Rubber products,p3.4.3,12255
2022,Plastics products,p3.4.4,12103
2022,"Produk mineral bukan logam, logam asas dan produk logam yang direka",p3.5,36689
2022,Non-metallic mineral products,p3.5.1,11671
2022,Basic metals,p3.5.2,8827
2022,Fabricated metal products,p3.5.3,16191
2022,"Produk elektrik, elektronik dan optikal",p3.6,119614
2022,Machinery and equipment,p3.6.1,12007
2022,Computers and peripheral equipment,p3.6.2,6730
2022,Electrical equipment,p3.6.3,7924
2022,"Electronic components & boards, communication equipment and consumer electronics",p3.6.4,86501
2022,"Manufacture of medical, precision & optical instrument, watches and clocks",p3.6.5,6452
2022,"Peralatan pengangkutan, pembuatan lain dan pembaikan",p3.7,38950
2022,Motor vehicles and transport equipment,p3.7.1,29114
2022,Furniture,p3.7.2,5058
2022,Other manufacturing and repair & installation of machinery and equipment,p3.7.3,4778
2022,Construction,p4,53426
2022,Buildings,p4.1,24824
2022,Residential buildings,p4.1.1,11098
2022,Non-residential buildings,p4.1.2,13726
2022,Civil engineering,p4.2,14452
2022,Specialised construction activities,p4.3,14151
2022,Services,p5,882723
2022,"Utilities, transportation & storage and information & communication",p5.1,194789
2022,Electricity and gas,p5.1.1,31306
2022,"Water, sewerage and waste management",p5.1.2,9052
2022,Transportation and storage,p5.1.3,55148
2022,Land transport,p5.1.3.1,14001
2022,Water transport,p5.1.3.2,6975
2022,Air transport,p5.1.3.3,2891
2022,Port and airport operation,p5.1.3.4,9018
2022,Highway operation,p5.1.3.5,9423
2022,Support activities for transportation,p5.1.3.6,9461
2022,Postal and courier ,p5.1.3.7,3379
2022,Information and communication,p5.1.4,99283
2022,Publishing and broadcasting activities ,p5.1.4.1,7868
2022,Telecommunications,p5.1.4.2,70191
2022,Computer and information service activities,p5.1.4.3,21225
2022,"Wholesale and retail trade, food & beverage and accommodation",p5.2,309740
2022,Wholesale and retail trade ,p5.2.1,265813
2022,Wholesale trade,p5.2.1.1,110153
2022,Retail trade,p5.2.1.2,127362
2022,Motor vehicles,p5.2.1.3,28298
2022,Food and beverage,p5.2.2,35369
2022,Accommodation,p5.2.3,8558
2022,"Finance and insurance, real estate and business services",p5.3,172189
2022,Finance,p5.3.1,79351
2022,Monetary intermediation,p5.3.1.1,67322
2022,Other financial intermediation and activities auxiliary to finance,p5.3.1.2,12029
2022,Insurance,p5.3.2,27280
2022,Insurance and pension funding,p5.3.2.1,26625
2022,Activities auxiliary to insurance,p5.3.2.2,655
2022,Real estate,p5.3.3,20083
2022,Business services,p5.3.4,45475
2022,"Professional, scientific and technical ",p5.3.4.1,33475
2022,Administrative and support services,p5.3.4.2,12000
2022,Other services,p5.4,68570
2022,Private health services,p5.4.1,11219
2022,Private education services,p5.4.2,11428
2022,Owner-occupied dwellings,p5.4.3,33650
2022,Non-profit institutions serving households,p5.4.4,569
2022,Domestic services of households,p5.4.5,1000
2022,Other services not elsewhere classified,p5.4.6,10704
2022,Government services,p5.5,137435
2022,General public services,p5.5.01,21473
2022,Defence,p5.5.02,8318
2022,Public order and safety,p5.5.03,10665
2022,Economic affairs,p5.5.04,19074
2022,Environmental protection,p5.5.05,436
2022,Housing and community amenities,p5.5.06,3516
2022,Health,p5.5.07,20211
2022,"Recreation, culture and religion",p5.5.08,2774
2022,Education,p5.5.09,48942
2022,Social protection,p5.5.10,2026
2022,Import duties,p6,16784
2023,Agriculture,p1,100812
2023,Crops,p1.1,67704
2023,Rubber,p1.1.1,1672
2023,Oil palm,p1.1.2,36203
2023,Paddy,p1.1.3,2194
2023,Vegetables,p1.1.4,13842
2023,Fruits,p1.1.5,5600
2023,Food crops,p1.1.6,6852
2023,Others ,p1.1.7,1341
2023,Livestock,p1.2,16701
2023,Poultry,p1.2.1,10163
2023,Cattle,p1.2.2 ,1338
2023,Other livestocks,p1.2.3,5200
2023,Forestry and logging,p1.3,4799
2023,Fishing,p1.4,11608
2023,Marine fishing,p1.4.1,7306
2023,Aquaculture,p1.4.2,4303
2023,Mining and quarrying,p2,97513
2023,Crude oil and condensate,p2.1,36155
2023,Natural gas ,p2.2,52063
2023,Other mining & quarrying and supporting services,p2.3,9295
2023,Manufacturing,p3,366694
2023,"Minyak dan lemak daripada sayuran & haiwan, prosesan makanan, minuman dan produk tembakau",p3.1,44150
2023,Vegetable and animal oils & fats,p3.1.1,11861
2023,Food processing,p3.1.2,22664
2023,Beverages,p3.1.3,5706
2023,Tobacco products,p3.1.4,3919
2023,"Tekstil, pakaian dan produk kulit",p3.2,6244
2023,Textile and wearing apparel,p3.2.1,5301
2023,Leather and related products,p3.2.2,943
2023,"Produk kayu, perabot, keluaran kertas dan percetakan ",p3.3,18035
2023,Wood products ,p3.3.1,7567
2023,Paper and paper products,p3.3.2,5848
2023,Printing and reproduction of recorded media ,p3.3.3,4620
2023,"Produk petroleum, kimia, getah dan plastik",p3.4,102067
2023,Refined petroleum products,p3.4.1,40986
2023,Chemicals & chemical products and pharmaceutical products ,p3.4.2,37926
2023,Rubber products,p3.4.3,11381
2023,Plastics products,p3.4.4,11774
2023,"Produk mineral bukan logam, logam asas dan produk logam yang direka",p3.5,38585
2023,Non-metallic mineral products,p3.5.1,12168
2023,Basic metals,p3.5.2,9086
2023,Fabricated metal products,p3.5.3,17331
2023,"Produk elektrik, elektronik dan optikal",p3.6,117708
2023,Machinery and equipment,p3.6.1,11770
2023,Computers and peripheral equipment,p3.6.2,7045
2023,Electrical equipment,p3.6.3,8083
2023,"Electronic components & boards, communication equipment and consumer electronics",p3.6.4,83918
2023,"Manufacture of medical, precision & optical instrument, watches and clocks",p3.6.5,6892
2023,"Peralatan pengangkutan, pembuatan lain dan pembaikan",p3.7,39905
2023,Motor vehicles and transport equipment,p3.7.1,30149
2023,Furniture,p3.7.2,4829
2023,Other manufacturing and repair & installation of machinery and equipment,p3.7.3,4927
2023,Construction,p4,56659
2023,Buildings,p4.1,25033
2023,Residential buildings,p4.1.1,11369
2023,Non-residential buildings,p4.1.2,13664
2023,Civil engineering,p4.2,16548
2023,Specialised construction activities,p4.3,15077
2023,Services,p5,927904
2023,"Utilities, transportation & storage and information & communication",p5.1,207021
2023,Electricity and gas,p5.1.1,31994
2023,"Water, sewerage and waste management",p5.1.2,9417
2023,Transportation and storage,p5.1.3,62782
2023,Land transport,p5.1.3.1,16149
2023,Water transport,p5.1.3.2,7810
2023,Air transport,p5.1.3.3,3890
2023,Port and airport operation,p5.1.3.4,9945
2023,Highway operation,p5.1.3.5,10749
2023,Support activities for transportation,p5.1.3.6,10631
2023,Postal and courier ,p5.1.3.7,3608
2023,Information and communication,p5.1.4,102828
2023,Publishing and broadcasting activities ,p5.1.4.1,8363
2023,Telecommunications,p5.1.4.2,72447
2023,Computer and information service activities,p5.1.4.3,22018
2023,"Wholesale and retail trade, food & beverage and accommodation",p5.2,328677
2023,Wholesale and retail trade ,p5.2.1,281372
2023,Wholesale trade,p5.2.1.1,115281
2023,Retail trade,p5.2.1.2,135254
2023,Motor vehicles,p5.2.1.3,30836
2023,Food and beverage,p5.2.2,36251
2023,Accommodation,p5.2.3,11054
2023,"Finance and insurance, real estate and business services",p5.3,175453
2023,Finance,p5.3.1,78693
2023,Monetary intermediation,p5.3.1.1,64855
2023,Other financial intermediation and activities auxiliary to finance,p5.3.1.2,13838
2023,Insurance,p5.3.2,25496
2023,Insurance and pension funding,p5.3.2.1,24786
2023,Activities auxiliary to insurance,p5.3.2.2,710
2023,Real estate,p5.3.3,20935
2023,Business services,p5.3.4,50329
2023,"Professional, scientific and technical ",p5.3.4.1,36573
2023,Administrative and support services,p5.3.4.2,13756
2023,Other services,p5.4,72886
2023,Private health services,p5.4.1,12275
2023,Private education services,p5.4.2,12268
2023,Owner-occupied dwellings,p5.4.3,34731
2023,Non-profit institutions serving households,p5.4.4,604
2023,Domestic services of households,p5.4.5,1096
2023,Other services not elsewhere classified,p5.4.6,11912
2023,Government services,p5.5,143868
2023,General public services,p5.5.01,23088
2023,Defence,p5.5.02,8709
2023,Public order and safety,p5.5.03,11270
2023,Economic affairs,p5.5.04,19446
2023,Environmental protection,p5.5.05,410
2023,Housing and community amenities,p5.5.06,3764
2023,Health,p5.5.07,22345
2023,"Recreation, culture and religion",p5.5.08,2736
2023,Education,p5.5.09,49819
2023,Social protection,p5.5.10,2281
2023,Import duties,p6,18392
2016,Agriculture,p1,-3.652
2016,Crops,p1.1,-6.427
2016,Rubber,p1.1.1,-6.272
2016,Oil palm,p1.1.2,-12.654
2016,Paddy,p1.1.3,1.859
2016,Vegetables,p1.1.4,5.136
2016,Fruits,p1.1.5,3.153
2016,Food crops,p1.1.6,3.655
2016,Others ,p1.1.7,2.422
2016,Livestock,p1.2,3.624
2016,Poultry,p1.2.1,4.321
2016,Cattle,p1.2.2 ,-1.323
2016,Other livestocks,p1.2.3,3.618
2016,Forestry and logging,p1.3,-1.907
2016,Fishing,p1.4,2.069
2016,Marine fishing,p1.4.1,4.658
2016,Aquaculture,p1.4.2,-2.922
2016,Mining and quarrying,p2,2.24
2016,Crude oil and condensate,p2.1,0.634
2016,Natural gas ,p2.2,3.029
2016,Other mining & quarrying and supporting services,p2.3,7.095
2016,Manufacturing,p3,4.391
2016,"Minyak dan lemak daripada sayuran & haiwan, prosesan makanan, minuman dan produk tembakau",p3.1,2.874
2016,Vegetable and animal oils & fats,p3.1.1,-3.219
2016,Food processing,p3.1.2,5.995
2016,Beverages,p3.1.3,9.754
2016,Tobacco products,p3.1.4,3.135
2016,"Tekstil, pakaian dan produk kulit",p3.2,6.927
2016,Textile and wearing apparel,p3.2.1,6.704
2016,Leather and related products,p3.2.2,8.453
2016,"Produk kayu, perabot, keluaran kertas dan percetakan ",p3.3,4.286
2016,Wood products ,p3.3.1,3.523
2016,Paper and paper products,p3.3.2,4.39
2016,Printing and reproduction of recorded media ,p3.3.3,5.584
2016,"Produk petroleum, kimia, getah dan plastik",p3.4,4.355
2016,Refined petroleum products,p3.4.1,3.439
2016,Chemicals & chemical products and pharmaceutical products ,p3.4.2,5.834
2016,Rubber products,p3.4.3,3.539
2016,Plastics products,p3.4.4,3.731
2016,"Produk mineral bukan logam, logam asas dan produk logam yang direka",p3.5,4.228
2016,Non-metallic mineral products,p3.5.1,4.428
2016,Basic metals,p3.5.2,2.257
2016,Fabricated metal products,p3.5.3,5.115
2016,"Produk elektrik, elektronik dan optikal",p3.6,7.561
2016,Machinery and equipment,p3.6.1,5.534
2016,Computers and peripheral equipment,p3.6.2,4.399
2016,Electrical equipment,p3.6.3,5.78
2016,"Electronic components & boards, communication equipment and consumer electronics",p3.6.4,8.444
2016,"Manufacture of medical, precision & optical instrument, watches and clocks",p3.6.5,8.007
2016,"Peralatan pengangkutan, pembuatan lain dan pembaikan",p3.7,-1.344
2016,Motor vehicles and transport equipment,p3.7.1,-4.101
2016,Furniture,p3.7.2,9.957
2016,Other manufacturing and repair & installation of machinery and equipment,p3.7.3,3.792
2016,Construction,p4,7.45
2016,Buildings,p4.1,3.725
2016,Residential buildings,p4.1.1,8.547
2016,Non-residential buildings,p4.1.2,-1.061
2016,Civil engineering,p4.2,15.729
2016,Specialised construction activities,p4.3,6.063
2016,Services,p5,5.696
2016,"Utilities, transportation & storage and information & communication",p5.1,6.692
2016,Electricity and gas,p5.1.1,5.048
2016,"Water, sewerage and waste management",p5.1.2,6.755
2016,Transportation and storage,p5.1.3,5.721
2016,Land transport,p5.1.3.1,6.734
2016,Water transport,p5.1.3.2,1.447
2016,Air transport,p5.1.3.3,2.965
2016,Port and airport operation,p5.1.3.4,7.1
2016,Highway operation,p5.1.3.5,8.541
2016,Support activities for transportation,p5.1.3.6,6.535
2016,Postal and courier ,p5.1.3.7,6.254
2016,Information and communication,p5.1.4,8.022
2016,Publishing and broadcasting activities ,p5.1.4.1,3.446
2016,Telecommunications,p5.1.4.2,9.442
2016,Computer and information service activities,p5.1.4.3,6.134
2016,"Wholesale and retail trade, food & beverage and accommodation",p5.2,6.491
2016,Wholesale and retail trade ,p5.2.1,6.349
2016,Wholesale trade,p5.2.1.1,8.303
2016,Retail trade,p5.2.1.2,7.063
2016,Motor vehicles,p5.2.1.3,-2.95
2016,Food and beverage,p5.2.2,7.841
2016,Accommodation,p5.2.3,4.945
2016,"Finance and insurance, real estate and business services",p5.3,4.324
2016,Finance,p5.3.1,1.45
2016,Monetary intermediation,p5.3.1.1,1.471
2016,Other financial intermediation and activities auxiliary to finance,p5.3.1.2,1.322
2016,Insurance,p5.3.2,6.548
2016,Insurance and pension funding,p5.3.2.1,6.679
2016,Activities auxiliary to insurance,p5.3.2.2,2.726
2016,Real estate,p5.3.3,4.846
2016,Business services,p5.3.4,7.925
2016,"Professional, scientific and technical ",p5.3.4.1,8.291
2016,Administrative and support services,p5.3.4.2,7.147
2016,Other services,p5.4,4.875
2016,Private health services,p5.4.1,5.543
2016,Private education services,p5.4.2,6.748
2016,Owner-occupied dwellings,p5.4.3,4.644
2016,Non-profit institutions serving households,p5.4.4,2.812
2016,Domestic services of households,p5.4.5,1.373
2016,Other services not elsewhere classified,p5.4.6,3.943
2016,Government services,p5.5,4.848
2016,General public services,p5.5.01,3.368
2016,Defence,p5.5.02,0.229
2016,Public order and safety,p5.5.03,-3.016
2016,Economic affairs,p5.5.04,5.349
2016,Environmental protection,p5.5.05,0
2016,Housing and community amenities,p5.5.06,19.086
2016,Health,p5.5.07,11.545
2016,"Recreation, culture and religion",p5.5.08,0.111
2016,Education,p5.5.09,6.112
2016,Social protection,p5.5.10,1.599
2016,Import duties,p6,8.851
2017,Agriculture,p1,5.887
2017,Crops,p1.1,10.618
2017,Rubber,p1.1.1,9.369
2017,Oil palm,p1.1.2,16.039
2017,Paddy,p1.1.3,-0.935
2017,Vegetables,p1.1.4,3.679
2017,Fruits,p1.1.5,2.986
2017,Food crops,p1.1.6,3.644
2017,Others ,p1.1.7,5.203
2017,Livestock,p1.2,5.116
2017,Poultry,p1.2.1,3.93
2017,Cattle,p1.2.2 ,-1.437
2017,Other livestocks,p1.2.3,9.082
2017,Forestry and logging,p1.3,-15.922
2017,Fishing,p1.4,-0.869
2017,Marine fishing,p1.4.1,-3.425
2017,Aquaculture,p1.4.2,4.392
2017,Mining and quarrying,p2,0.446
2017,Crude oil and condensate,p2.1,-2.166
2017,Natural gas ,p2.2,1.749
2017,Other mining & quarrying and supporting services,p2.3,7.544
2017,Manufacturing,p3,6.048
2017,"Minyak dan lemak daripada sayuran & haiwan, prosesan makanan, minuman dan produk tembakau",p3.1,9.917
2017,Vegetable and animal oils & fats,p3.1.1,17.555
2017,Food processing,p3.1.2,6.049
2017,Beverages,p3.1.3,9.173
2017,Tobacco products,p3.1.4,1.998
2017,"Tekstil, pakaian dan produk kulit",p3.2,7.941
2017,Textile and wearing apparel,p3.2.1,8.202
2017,Leather and related products,p3.2.2,6.176
2017,"Produk kayu, perabot, keluaran kertas dan percetakan ",p3.3,4.401
2017,Wood products ,p3.3.1,3.568
2017,Paper and paper products,p3.3.2,5.435
2017,Printing and reproduction of recorded media ,p3.3.3,4.774
2017,"Produk petroleum, kimia, getah dan plastik",p3.4,4.016
2017,Refined petroleum products,p3.4.1,3.457
2017,Chemicals & chemical products and pharmaceutical products ,p3.4.2,4.54
2017,Rubber products,p3.4.3,6.323
2017,Plastics products,p3.4.4,2.802
2017,"Produk mineral bukan logam, logam asas dan produk logam yang direka",p3.5,4.893
2017,Non-metallic mineral products,p3.5.1,4.518
2017,Basic metals,p3.5.2,5.203
2017,Fabricated metal products,p3.5.3,5.009
2017,"Produk elektrik, elektronik dan optikal",p3.6,7.492
2017,Machinery and equipment,p3.6.1,5.141
2017,Computers and peripheral equipment,p3.6.2,-6.844
2017,Electrical equipment,p3.6.3,8.214
2017,"Electronic components & boards, communication equipment and consumer electronics",p3.6.4,10.051
2017,"Manufacture of medical, precision & optical instrument, watches and clocks",p3.6.5,0.932
2017,"Peralatan pengangkutan, pembuatan lain dan pembaikan",p3.7,5.332
2017,Motor vehicles and transport equipment,p3.7.1,4.607
2017,Furniture,p3.7.2,5.813
2017,Other manufacturing and repair & installation of machinery and equipment,p3.7.3,8.927
2017,Construction,p4,6.745
2017,Buildings,p4.1,2.454
2017,Residential buildings,p4.1.1,2.653
2017,Non-residential buildings,p4.1.2,2.237
2017,Civil engineering,p4.2,13.838
2017,Specialised construction activities,p4.3,7.732
2017,Services,p5,6.289
2017,"Utilities, transportation & storage and information & communication",p5.1,6.575
2017,Electricity and gas,p5.1.1,2.201
2017,"Water, sewerage and waste management",p5.1.2,6.123
2017,Transportation and storage,p5.1.3,6.183
2017,Land transport,p5.1.3.1,6.94
2017,Water transport,p5.1.3.2,2.188
2017,Air transport,p5.1.3.3,3.201
2017,Port and airport operation,p5.1.3.4,8.106
2017,Highway operation,p5.1.3.5,7.929
2017,Support activities for transportation,p5.1.3.6,7.382
2017,Postal and courier ,p5.1.3.7,7.491
2017,Information and communication,p5.1.4,8.636
2017,Publishing and broadcasting activities ,p5.1.4.1,7.258
2017,Telecommunications,p5.1.4.2,9.334
2017,Computer and information service activities,p5.1.4.3,7.238
2017,"Wholesale and retail trade, food & beverage and accommodation",p5.2,7.288
2017,Wholesale and retail trade ,p5.2.1,7.245
2017,Wholesale trade,p5.2.1.1,6.628
2017,Retail trade,p5.2.1.2,9.481
2017,Motor vehicles,p5.2.1.3,1.345
2017,Food and beverage,p5.2.2,8.072
2017,Accommodation,p5.2.3,5.426
2017,"Finance and insurance, real estate and business services",p5.3,5.878
2017,Finance,p5.3.1,5.067
2017,Monetary intermediation,p5.3.1.1,4.465
2017,Other financial intermediation and activities auxiliary to finance,p5.3.1.2,8.382
2017,Insurance,p5.3.2,3.65
2017,Insurance and pension funding,p5.3.2.1,3.723
2017,Activities auxiliary to insurance,p5.3.2.2,1.327
2017,Real estate,p5.3.3,5.328
2017,Business services,p5.3.4,8.716
2017,"Professional, scientific and technical ",p5.3.4.1,9.38
2017,Administrative and support services,p5.3.4.2,7.301
2017,Other services,p5.4,5.137
2017,Private health services,p5.4.1,5.807
2017,Private education services,p5.4.2,6.544
2017,Owner-occupied dwellings,p5.4.3,4.747
2017,Non-profit institutions serving households,p5.4.4,3.647
2017,Domestic services of households,p5.4.5,1.524
2017,Other services not elsewhere classified,p5.4.6,4.83
2017,Government services,p5.5,4.85
2017,General public services,p5.5.01,-5.046
2017,Defence,p5.5.02,3.225
2017,Public order and safety,p5.5.03,4.005
2017,Economic affairs,p5.5.04,7.962
2017,Environmental protection,p5.5.05,7.629
2017,Housing and community amenities,p5.5.06,25.185
2017,Health,p5.5.07,7.981
2017,"Recreation, culture and religion",p5.5.08,13.97
2017,Education,p5.5.09,6.161
2017,Social protection,p5.5.10,16.871
2017,Import duties,p6,12.975
2018,Agriculture,p1,0.129
2018,Crops,p1.1,-0.378
2018,Rubber,p1.1.1,-17.57
2018,Oil palm,p1.1.2,-1.83
2018,Paddy,p1.1.3,6.157
2018,Vegetables,p1.1.4,4.202
2018,Fruits,p1.1.5,4.508
2018,Food crops,p1.1.6,4.102
2018,Others ,p1.1.7,2.698
2018,Livestock,p1.2,5.475
2018,Poultry,p1.2.1,4.07
2018,Cattle,p1.2.2 ,0.777
2018,Other livestocks,p1.2.3,9.176
2018,Forestry and logging,p1.3,-3.854
2018,Fishing,p1.4,-0.811
2018,Marine fishing,p1.4.1,-0.148
2018,Aquaculture,p1.4.2,-2.056
2018,Mining and quarrying,p2,-2.155
2018,Crude oil and condensate,p2.1,-0.823
2018,Natural gas ,p2.2,-4.214
2018,Other mining & quarrying and supporting services,p2.3,3.127
2018,Manufacturing,p3,4.95
2018,"Minyak dan lemak daripada sayuran & haiwan, prosesan makanan, minuman dan produk tembakau",p3.1,3.425
2018,Vegetable and animal oils & fats,p3.1.1,-0.053
2018,Food processing,p3.1.2,6.99
2018,Beverages,p3.1.3,3.176
2018,Tobacco products,p3.1.4,1.711
2018,"Tekstil, pakaian dan produk kulit",p3.2,4.294
2018,Textile and wearing apparel,p3.2.1,4.395
2018,Leather and related products,p3.2.2,3.601
2018,"Produk kayu, perabot, keluaran kertas dan percetakan ",p3.3,4.779
2018,Wood products ,p3.3.1,5.549
2018,Paper and paper products,p3.3.2,4.339
2018,Printing and reproduction of recorded media ,p3.3.3,3.883
2018,"Produk petroleum, kimia, getah dan plastik",p3.4,4.022
2018,Refined petroleum products,p3.4.1,3.298
2018,Chemicals & chemical products and pharmaceutical products ,p3.4.2,4.615
2018,Rubber products,p3.4.3,5.055
2018,Plastics products,p3.4.4,4.084
2018,"Produk mineral bukan logam, logam asas dan produk logam yang direka",p3.5,4.945
2018,Non-metallic mineral products,p3.5.1,5.522
2018,Basic metals,p3.5.2,3.954
2018,Fabricated metal products,p3.5.3,5.03
2018,"Produk elektrik, elektronik dan optikal",p3.6,6.279
2018,Machinery and equipment,p3.6.1,5.292
2018,Computers and peripheral equipment,p3.6.2,4.122
2018,Electrical equipment,p3.6.3,0.908
2018,"Electronic components & boards, communication equipment and consumer electronics",p3.6.4,7.12
2018,"Manufacture of medical, precision & optical instrument, watches and clocks",p3.6.5,7.506
2018,"Peralatan pengangkutan, pembuatan lain dan pembaikan",p3.7,6.002
2018,Motor vehicles and transport equipment,p3.7.1,6.236
2018,Furniture,p3.7.2,4.202
2018,Other manufacturing and repair & installation of machinery and equipment,p3.7.3,6.66
2018,Construction,p4,4.206
2018,Buildings,p4.1,-4.197
2018,Residential buildings,p4.1.1,-6.923
2018,Non-residential buildings,p4.1.2,-1.216
2018,Civil engineering,p4.2,15.311
2018,Specialised construction activities,p4.3,8.731
2018,Services,p5,6.861
2018,"Utilities, transportation & storage and information & communication",p5.1,6.92
2018,Electricity and gas,p5.1.1,4.557
2018,"Water, sewerage and waste management",p5.1.2,6.721
2018,Transportation and storage,p5.1.3,6.346
2018,Land transport,p5.1.3.1,7.037
2018,Water transport,p5.1.3.2,2.538
2018,Air transport,p5.1.3.3,1.92
2018,Port and airport operation,p5.1.3.4,8.508
2018,Highway operation,p5.1.3.5,8.018
2018,Support activities for transportation,p5.1.3.6,7.704
2018,Postal and courier ,p5.1.3.7,9.657
2018,Information and communication,p5.1.4,8.202
2018,Publishing and broadcasting activities ,p5.1.4.1,5.574
2018,Telecommunications,p5.1.4.2,8.741
2018,Computer and information service activities,p5.1.4.3,7.775
2018,"Wholesale and retail trade, food & beverage and accommodation",p5.2,8.36
2018,Wholesale and retail trade ,p5.2.1,8.234
2018,Wholesale trade,p5.2.1.1,7.398
2018,Retail trade,p5.2.1.2,10.202
2018,Motor vehicles,p5.2.1.3,3.786
2018,Food and beverage,p5.2.2,9.745
2018,Accommodation,p5.2.3,6.147
2018,"Finance and insurance, real estate and business services",p5.3,6.383
2018,Finance,p5.3.1,3.927
2018,Monetary intermediation,p5.3.1.1,4.237
2018,Other financial intermediation and activities auxiliary to finance,p5.3.1.2,2.289
2018,Insurance,p5.3.2,9.947
2018,Insurance and pension funding,p5.3.2.1,10.156
2018,Activities auxiliary to insurance,p5.3.2.2,2.946
2018,Real estate,p5.3.3,5.095
2018,Business services,p5.3.4,9.122
2018,"Professional, scientific and technical ",p5.3.4.1,9.728
2018,Administrative and support services,p5.3.4.2,7.822
2018,Other services,p5.4,5.534
2018,Private health services,p5.4.1,6.012
2018,Private education services,p5.4.2,6.238
2018,Owner-occupied dwellings,p5.4.3,4.636
2018,Non-profit institutions serving households,p5.4.4,3.812
2018,Domestic services of households,p5.4.5,2.335
2018,Other services not elsewhere classified,p5.4.6,6.876
2018,Government services,p5.5,4.738
2018,General public services,p5.5.01,-7.285
2018,Defence,p5.5.02,-12.355
2018,Public order and safety,p5.5.03,0.997
2018,Economic affairs,p5.5.04,53.923
2018,Environmental protection,p5.5.05,-18.481
2018,Housing and community amenities,p5.5.06,29.64
2018,Health,p5.5.07,4.812
2018,"Recreation, culture and religion",p5.5.08,-17.103
2018,Education,p5.5.09,1.533
2018,Social protection,p5.5.10,57.218
2018,Import duties,p6,-8.464
2019,Agriculture,p1,1.943
2019,Crops,p1.1,2.685
2019,Rubber,p1.1.1,6.115
2019,Oil palm,p1.1.2,1.527
2019,Paddy,p1.1.3,0.042
2019,Vegetables,p1.1.4,4.955
2019,Fruits,p1.1.5,3.187
2019,Food crops,p1.1.6,4.676
2019,Others ,p1.1.7,3.152
2019,Livestock,p1.2,6
2019,Poultry,p1.2.1,6.898
2019,Cattle,p1.2.2 ,6.172
2019,Other livestocks,p1.2.3,4.367
2019,Forestry and logging,p1.3,-8.646
2019,Fishing,p1.4,-0.843
2019,Marine fishing,p1.4.1,-0.334
2019,Aquaculture,p1.4.2,-1.834
2019,Mining and quarrying,p2,-0.647
2019,Crude oil and condensate,p2.1,-6.538
2019,Natural gas ,p2.2,2.678
2019,Other mining & quarrying and supporting services,p2.3,11.106
2019,Manufacturing,p3,3.753
2019,"Minyak dan lemak daripada sayuran & haiwan, prosesan makanan, minuman dan produk tembakau",p3.1,3.505
2019,Vegetable and animal oils & fats,p3.1.1,-1.059
2019,Food processing,p3.1.2,6.942
2019,Beverages,p3.1.3,2.903
2019,Tobacco products,p3.1.4,5.779
2019,"Tekstil, pakaian dan produk kulit",p3.2,5.501
2019,Textile and wearing apparel,p3.2.1,5.562
2019,Leather and related products,p3.2.2,5.08
2019,"Produk kayu, perabot, keluaran kertas dan percetakan ",p3.3,4.656
2019,Wood products ,p3.3.1,5.025
2019,Paper and paper products,p3.3.2,4.449
2019,Printing and reproduction of recorded media ,p3.3.3,4.211
2019,"Produk petroleum, kimia, getah dan plastik",p3.4,2.9
2019,Refined petroleum products,p3.4.1,2.803
2019,Chemicals & chemical products and pharmaceutical products ,p3.4.2,2.105
2019,Rubber products,p3.4.3,7.009
2019,Plastics products,p3.4.4,2.85
2019,"Produk mineral bukan logam, logam asas dan produk logam yang direka",p3.5,4.119
2019,Non-metallic mineral products,p3.5.1,4.635
2019,Basic metals,p3.5.2,3.938
2019,Fabricated metal products,p3.5.3,3.83
2019,"Produk elektrik, elektronik dan optikal",p3.6,3.262
2019,Machinery and equipment,p3.6.1,3.973
2019,Computers and peripheral equipment,p3.6.2,4.747
2019,Electrical equipment,p3.6.3,2.911
2019,"Electronic components & boards, communication equipment and consumer electronics",p3.6.4,3.303
2019,"Manufacture of medical, precision & optical instrument, watches and clocks",p3.6.5,0.411
2019,"Peralatan pengangkutan, pembuatan lain dan pembaikan",p3.7,6.403
2019,Motor vehicles and transport equipment,p3.7.1,6.464
2019,Furniture,p3.7.2,7.961
2019,Other manufacturing and repair & installation of machinery and equipment,p3.7.3,4.429
2019,Construction,p4,0.391
2019,Buildings,p4.1,-5.199
2019,Residential buildings,p4.1.1,-2.909
2019,Non-residential buildings,p4.1.2,-7.558
2019,Civil engineering,p4.2,6.29
2019,Specialised construction activities,p4.3,3.493
2019,Services,p5,6.156
2019,"Utilities, transportation & storage and information & communication",p5.1,6.503
2019,Electricity and gas,p5.1.1,5.751
2019,"Water, sewerage and waste management",p5.1.2,7.719
2019,Transportation and storage,p5.1.3,6.82
2019,Land transport,p5.1.3.1,7.549
2019,Water transport,p5.1.3.2,2.491
2019,Air transport,p5.1.3.3,2.866
2019,Port and airport operation,p5.1.3.4,8.73
2019,Highway operation,p5.1.3.5,8.537
2019,Support activities for transportation,p5.1.3.6,8.09
2019,Postal and courier ,p5.1.3.7,9.578
2019,Information and communication,p5.1.4,6.466
2019,Publishing and broadcasting activities ,p5.1.4.1,3.931
2019,Telecommunications,p5.1.4.2,7.045
2019,Computer and information service activities,p5.1.4.3,5.851
2019,"Wholesale and retail trade, food & beverage and accommodation",p5.2,7.283
2019,Wholesale and retail trade ,p5.2.1,6.84
2019,Wholesale trade,p5.2.1.1,5.654
2019,Retail trade,p5.2.1.2,8.647
2019,Motor vehicles,p5.2.1.3,4.207
2019,Food and beverage,p5.2.2,10.225
2019,Accommodation,p5.2.3,6.624
2019,"Finance and insurance, real estate and business services",p5.3,6.077
2019,Finance,p5.3.1,4.366
2019,Monetary intermediation,p5.3.1.1,4.261
2019,Other financial intermediation and activities auxiliary to finance,p5.3.1.2,4.938
2019,Insurance,p5.3.2,6.043
2019,Insurance and pension funding,p5.3.2.1,6.317
2019,Activities auxiliary to insurance,p5.3.2.2,-3.339
2019,Real estate,p5.3.3,5.162
2019,Business services,p5.3.4,9.146
2019,"Professional, scientific and technical ",p5.3.4.1,9.765
2019,Administrative and support services,p5.3.4.2,7.785
2019,Other services,p5.4,5.617
2019,Private health services,p5.4.1,5.955
2019,Private education services,p5.4.2,5.782
2019,Owner-occupied dwellings,p5.4.3,4.59
2019,Non-profit institutions serving households,p5.4.4,5.367
2019,Domestic services of households,p5.4.5,3.341
2019,Other services not elsewhere classified,p5.4.6,7.562
2019,Government services,p5.5,3.406
2019,General public services,p5.5.01,-3.28
2019,Defence,p5.5.02,-1.378
2019,Public order and safety,p5.5.03,-7.003
2019,Economic affairs,p5.5.04,11.777
2019,Environmental protection,p5.5.05,3.416
2019,Housing and community amenities,p5.5.06,22.49
2019,Health,p5.5.07,6.473
2019,"Recreation, culture and religion",p5.5.08,28.171
2019,Education,p5.5.09,4.106
2019,Social protection,p5.5.10,-18.363
2019,Import duties,p6,-2.218
2020,Agriculture,p1,-2.426
2020,Crops,p1.1,-1.374
2020,Rubber,p1.1.1,-18.588
2020,Oil palm,p1.1.2,-3.583
2020,Paddy,p1.1.3,1.058
2020,Vegetables,p1.1.4,6.84
2020,Fruits,p1.1.5,3.55
2020,Food crops,p1.1.6,-0.105
2020,Others ,p1.1.7,2.886
2020,Livestock,p1.2,3.513
2020,Poultry,p1.2.1,4.489
2020,Cattle,p1.2.2 ,8.901
2020,Other livestocks,p1.2.3,0.57
2020,Forestry and logging,p1.3,-19.461
2020,Fishing,p1.4,-6.897
2020,Marine fishing,p1.4.1,-9.449
2020,Aquaculture,p1.4.2,-1.868
2020,Mining and quarrying,p2,-9.727
2020,Crude oil and condensate,p2.1,-9.491
2020,Natural gas ,p2.2,-9.373
2020,Other mining & quarrying and supporting services,p2.3,-12.572
2020,Manufacturing,p3,-2.743
2020,"Minyak dan lemak daripada sayuran & haiwan, prosesan makanan, minuman dan produk tembakau",p3.1,-2.622
2020,Vegetable and animal oils & fats,p3.1.1,-3.088
2020,Food processing,p3.1.2,4.864
2020,Beverages,p3.1.3,-14.313
2020,Tobacco products,p3.1.4,-18.364
2020,"Tekstil, pakaian dan produk kulit",p3.2,-12.924
2020,Textile and wearing apparel,p3.2.1,-12.02
2020,Leather and related products,p3.2.2,-19.211
2020,"Produk kayu, perabot, keluaran kertas dan percetakan ",p3.3,-7.591
2020,Wood products ,p3.3.1,-12.001
2020,Paper and paper products,p3.3.2,-2.676
2020,Printing and reproduction of recorded media ,p3.3.3,-4.974
2020,"Produk petroleum, kimia, getah dan plastik",p3.4,-0.987
2020,Refined petroleum products,p3.4.1,-9.583
2020,Chemicals & chemical products and pharmaceutical products ,p3.4.2,-4.638
2020,Rubber products,p3.4.3,52.11
2020,Plastics products,p3.4.4,2.644
2020,"Produk mineral bukan logam, logam asas dan produk logam yang direka",p3.5,-13.042
2020,Non-metallic mineral products,p3.5.1,-15.027
2020,Basic metals,p3.5.2,-5.213
2020,Fabricated metal products,p3.5.3,-15.536
2020,"Produk elektrik, elektronik dan optikal",p3.6,2.501
2020,Machinery and equipment,p3.6.1,1.36
2020,Computers and peripheral equipment,p3.6.2,-1.365
2020,Electrical equipment,p3.6.3,0.381
2020,"Electronic components & boards, communication equipment and consumer electronics",p3.6.4,3.597
2020,"Manufacture of medical, precision & optical instrument, watches and clocks",p3.6.5,-1.339
2020,"Peralatan pengangkutan, pembuatan lain dan pembaikan",p3.7,-5.515
2020,Motor vehicles and transport equipment,p3.7.1,-4.723
2020,Furniture,p3.7.2,-6.907
2020,Other manufacturing and repair & installation of machinery and equipment,p3.7.3,-8.397
2020,Construction,p4,-19.317
2020,Buildings,p4.1,-16.168
2020,Residential buildings,p4.1.1,-16.499
2020,Non-residential buildings,p4.1.2,-15.809
2020,Civil engineering,p4.2,-28.147
2020,Specialised construction activities,p4.3,-8.884
2020,Services,p5,-5.226
2020,"Utilities, transportation & storage and information & communication",p5.1,-3.946
2020,Electricity and gas,p5.1.1,-3.223
2020,"Water, sewerage and waste management",p5.1.2,7.89
2020,Transportation and storage,p5.1.3,-21.543
2020,Land transport,p5.1.3.1,-26.985
2020,Water transport,p5.1.3.2,-9.343
2020,Air transport,p5.1.3.3,-66.922
2020,Port and airport operation,p5.1.3.4,-10.873
2020,Highway operation,p5.1.3.5,-14.18
2020,Support activities for transportation,p5.1.3.6,-16.265
2020,Postal and courier ,p5.1.3.7,16.363
2020,Information and communication,p5.1.4,5.91
2020,Publishing and broadcasting activities ,p5.1.4.1,-10.74
2020,Telecommunications,p5.1.4.2,9.252
2020,Computer and information service activities,p5.1.4.3,2.958
2020,"Wholesale and retail trade, food & beverage and accommodation",p5.2,-9.376
2020,Wholesale and retail trade ,p5.2.1,-5.827
2020,Wholesale trade,p5.2.1.1,-5.055
2020,Retail trade,p5.2.1.2,-5.666
2020,Motor vehicles,p5.2.1.3,-9.908
2020,Food and beverage,p5.2.2,-20.755
2020,Accommodation,p5.2.3,-50.624
2020,"Finance and insurance, real estate and business services",p5.3,-4.474
2020,Finance,p5.3.1,2.254
2020,Monetary intermediation,p5.3.1.1,0.287
2020,Other financial intermediation and activities auxiliary to finance,p5.3.1.2,12.83
2020,Insurance,p5.3.2,4.923
2020,Insurance and pension funding,p5.3.2.1,5.261
2020,Activities auxiliary to insurance,p5.3.2.2,-8.059
2020,Real estate,p5.3.3,-17.109
2020,Business services,p5.3.4,-13.376
2020,"Professional, scientific and technical ",p5.3.4.1,-8.16
2020,Administrative and support services,p5.3.4.2,-25.041
2020,Other services,p5.4,-10.074
2020,Private health services,p5.4.1,-6.117
2020,Private education services,p5.4.2,-6.838
2020,Owner-occupied dwellings,p5.4.3,3.465
2020,Non-profit institutions serving households,p5.4.4,23.324
2020,Domestic services of households,p5.4.5,-10.016
2020,Other services not elsewhere classified,p5.4.6,-42.571
2020,Government services,p5.5,4.962
2020,General public services,p5.5.01,-14.704
2020,Defence,p5.5.02,4.448
2020,Public order and safety,p5.5.03,5.12
2020,Economic affairs,p5.5.04,9.766
2020,Environmental protection,p5.5.05,26.426
2020,Housing and community amenities,p5.5.06,32.012
2020,Health,p5.5.07,11.343
2020,"Recreation, culture and religion",p5.5.08,2.873
2020,Education,p5.5.09,3.183
2020,Social protection,p5.5.10,58.625
2020,Import duties,p6,-5.149
2021,Agriculture,p1,-0.268
2021,Crops,p1.1,-1.236
2021,Rubber,p1.1.1,-8.756
2021,Oil palm,p1.1.2,-5.642
2021,Paddy,p1.1.3,1.884
2021,Vegetables,p1.1.4,7.966
2021,Fruits,p1.1.5,8.237
2021,Food crops,p1.1.6,0.344
2021,Others ,p1.1.7,2.31
2021,Livestock,p1.2,3.081
2021,Poultry,p1.2.1,3.201
2021,Cattle,p1.2.2 ,4.921
2021,Other livestocks,p1.2.3,2.422
2021,Forestry and logging,p1.3,1.965
2021,Fishing,p1.4,-0.319
2021,Marine fishing,p1.4.1,-0.37
2021,Aquaculture,p1.4.2,-0.2
2021,Mining and quarrying,p2,0.902
2021,Crude oil and condensate,p2.1,-5.256
2021,Natural gas ,p2.2,7.125
2021,Other mining & quarrying and supporting services,p2.3,-4.816
2021,Manufacturing,p3,9.466
2021,"Minyak dan lemak daripada sayuran & haiwan, prosesan makanan, minuman dan produk tembakau",p3.1,1.767
2021,Vegetable and animal oils & fats,p3.1.1,-9.028
2021,Food processing,p3.1.2,9.873
2021,Beverages,p3.1.3,9.92
2021,Tobacco products,p3.1.4,-12.63
2021,"Tekstil, pakaian dan produk kulit",p3.2,7.219
2021,Textile and wearing apparel,p3.2.1,6.717
2021,Leather and related products,p3.2.2,11.024
2021,"Produk kayu, perabot, keluaran kertas dan percetakan ",p3.3,9.412
2021,Wood products ,p3.3.1,9.087
2021,Paper and paper products,p3.3.2,15.197
2021,Printing and reproduction of recorded media ,p3.3.3,3.347
2021,"Produk petroleum, kimia, getah dan plastik",p3.4,12.991
2021,Refined petroleum products,p3.4.1,12.747
2021,Chemicals & chemical products and pharmaceutical products ,p3.4.2,10.251
2021,Rubber products,p3.4.3,21.911
2021,Plastics products,p3.4.4,11.957
2021,"Produk mineral bukan logam, logam asas dan produk logam yang direka",p3.5,3.976
2021,Non-metallic mineral products,p3.5.1,1.192
2021,Basic metals,p3.5.2,2.756
2021,Fabricated metal products,p3.5.3,6.745
2021,"Produk elektrik, elektronik dan optikal",p3.6,14.648
2021,Machinery and equipment,p3.6.1,10.566
2021,Computers and peripheral equipment,p3.6.2,13.66
2021,Electrical equipment,p3.6.3,13.772
2021,"Electronic components & boards, communication equipment and consumer electronics",p3.6.4,15.97
2021,"Manufacture of medical, precision & optical instrument, watches and clocks",p3.6.5,8.687
2021,"Peralatan pengangkutan, pembuatan lain dan pembaikan",p3.7,0.626
2021,Motor vehicles and transport equipment,p3.7.1,1.323
2021,Furniture,p3.7.2,-3.595
2021,Other manufacturing and repair & installation of machinery and equipment,p3.7.3,1.273
2021,Construction,p4,-5.179
2021,Buildings,p4.1,-7.293
2021,Residential buildings,p4.1.1,-12.419
2021,Non-residential buildings,p4.1.2,-1.792
2021,Civil engineering,p4.2,-18.199
2021,Specialised construction activities,p4.3,20.663
2021,Services,p5,2.24
2021,"Utilities, transportation & storage and information & communication",p5.1,4.132
2021,Electricity and gas,p5.1.1,1.993
2021,"Water, sewerage and waste management",p5.1.2,5.755
2021,Transportation and storage,p5.1.3,1.248
2021,Land transport,p5.1.3.1,3.469
2021,Water transport,p5.1.3.2,3.513
2021,Air transport,p5.1.3.3,-37.956
2021,Port and airport operation,p5.1.3.4,2.217
2021,Highway operation,p5.1.3.5,-1.933
2021,Support activities for transportation,p5.1.3.6,5.789
2021,Postal and courier ,p5.1.3.7,12.424
2021,Information and communication,p5.1.4,6.05
2021,Publishing and broadcasting activities ,p5.1.4.1,-1.135
2021,Telecommunications,p5.1.4.2,8.128
2021,Computer and information service activities,p5.1.4.3,2.082
2021,"Wholesale and retail trade, food & beverage and accommodation",p5.2,0.456
2021,Wholesale and retail trade ,p5.2.1,2.242
2021,Wholesale trade,p5.2.1.1,3.741
2021,Retail trade,p5.2.1.2,3.253
2021,Motor vehicles,p5.2.1.3,-9.33
2021,Food and beverage,p5.2.2,-8.641
2021,Accommodation,p5.2.3,-24.26
2021,"Finance and insurance, real estate and business services",p5.3,2.793
2021,Finance,p5.3.1,9.009
2021,Monetary intermediation,p5.3.1.1,10.297
2021,Other financial intermediation and activities auxiliary to finance,p5.3.1.2,2.851
2021,Insurance,p5.3.2,13.034
2021,Insurance and pension funding,p5.3.2.1,13.204
2021,Activities auxiliary to insurance,p5.3.2.2,5.546
2021,Real estate,p5.3.3,-12.946
2021,Business services,p5.3.4,-7.427
2021,"Professional, scientific and technical ",p5.3.4.1,-5.11
2021,Administrative and support services,p5.3.4.2,-13.788
2021,Other services,p5.4,-2.956
2021,Private health services,p5.4.1,8.377
2021,Private education services,p5.4.2,-3.657
2021,Owner-occupied dwellings,p5.4.3,1.527
2021,Non-profit institutions serving households,p5.4.4,8.261
2021,Domestic services of households,p5.4.5,-12.971
2021,Other services not elsewhere classified,p5.4.6,-29.143
2021,Government services,p5.5,5.439
2021,General public services,p5.5.01,26.78
2021,Defence,p5.5.02,1.129
2021,Public order and safety,p5.5.03,5.243
2021,Economic affairs,p5.5.04,0.153
2021,Environmental protection,p5.5.05,11.164
2021,Housing and community amenities,p5.5.06,-5.209
2021,Health,p5.5.07,9.51
2021,"Recreation, culture and religion",p5.5.08,15.337
2021,Education,p5.5.09,2.942
2021,Social protection,p5.5.10,-21.381
2021,Import duties,p6,1.929
2022,Agriculture,p1,1.254
2022,Crops,p1.1,1.247
2022,Rubber,p1.1.1,-19.731
2022,Oil palm,p1.1.2,3.826
2022,Paddy,p1.1.3,-8.59
2022,Vegetables,p1.1.4,0.213
2022,Fruits,p1.1.5,0.637
2022,Food crops,p1.1.6,0.224
2022,Others ,p1.1.7,5
2022,Livestock,p1.2,0.509
2022,Poultry,p1.2.1,1.241
2022,Cattle,p1.2.2 ,-0.954
2022,Other livestocks,p1.2.3,-0.534
2022,Forestry and logging,p1.3,0.572
2022,Fishing,p1.4,2.711
2022,Marine fishing,p1.4.1,-0.151
2022,Aquaculture,p1.4.2,7.932
2022,Mining and quarrying,p2,3.504
2022,Crude oil and condensate,p2.1,-0.349
2022,Natural gas ,p2.2,5.252
2022,Other mining & quarrying and supporting services,p2.3,10.157
2022,Manufacturing,p3,8.137
2022,"Minyak dan lemak daripada sayuran & haiwan, prosesan makanan, minuman dan produk tembakau",p3.1,6.735
2022,Vegetable and animal oils & fats,p3.1.1,-2.04
2022,Food processing,p3.1.2,7.92
2022,Beverages,p3.1.3,13.045
2022,Tobacco products,p3.1.4,23.625
2022,"Tekstil, pakaian dan produk kulit",p3.2,5.722
2022,Textile and wearing apparel,p3.2.1,3.157
2022,Leather and related products,p3.2.2,24.397
2022,"Produk kayu, perabot, keluaran kertas dan percetakan ",p3.3,6.94
2022,Wood products ,p3.3.1,6.908
2022,Paper and paper products,p3.3.2,7.522
2022,Printing and reproduction of recorded media ,p3.3.3,6.258
2022,"Produk petroleum, kimia, getah dan plastik",p3.4,1.086
2022,Refined petroleum products,p3.4.1,5.404
2022,Chemicals & chemical products and pharmaceutical products ,p3.4.2,3.093
2022,Rubber products,p3.4.3,-16.757
2022,Plastics products,p3.4.4,2.751
2022,"Produk mineral bukan logam, logam asas dan produk logam yang direka",p3.5,7.589
2022,Non-metallic mineral products,p3.5.1,9.126
2022,Basic metals,p3.5.2,6.645
2022,Fabricated metal products,p3.5.3,7.02
2022,"Produk elektrik, elektronik dan optikal",p3.6,14.195
2022,Machinery and equipment,p3.6.1,6.341
2022,Computers and peripheral equipment,p3.6.2,5.041
2022,Electrical equipment,p3.6.3,10.255
2022,"Electronic components & boards, communication equipment and consumer electronics",p3.6.4,16.748
2022,"Manufacture of medical, precision & optical instrument, watches and clocks",p3.6.5,11.859
2022,"Peralatan pengangkutan, pembuatan lain dan pembaikan",p3.7,13.713
2022,Motor vehicles and transport equipment,p3.7.1,15.235
2022,Furniture,p3.7.2,9.647
2022,Other manufacturing and repair & installation of machinery and equipment,p3.7.3,9.211
2022,Construction,p4,5.089
2022,Buildings,p4.1,8.128
2022,Residential buildings,p4.1.1,-1.149
2022,Non-residential buildings,p4.1.2,17.006
2022,Civil engineering,p4.2,-0.946
2022,Specialised construction activities,p4.3,6.471
2022,Services,p5,11.018
2022,"Utilities, transportation & storage and information & communication",p5.1,10.535
2022,Electricity and gas,p5.1.1,3.662
2022,"Water, sewerage and waste management",p5.1.2,2.619
2022,Transportation and storage,p5.1.3,29.446
2022,Land transport,p5.1.3.1,37.656
2022,Water transport,p5.1.3.2,12.192
2022,Air transport,p5.1.3.3,120.519
2022,Port and airport operation,p5.1.3.4,24.575
2022,Highway operation,p5.1.3.5,33.641
2022,Support activities for transportation,p5.1.3.6,26.891
2022,Postal and courier ,p5.1.3.7,6.998
2022,Information and communication,p5.1.4,4.95
2022,Publishing and broadcasting activities ,p5.1.4.1,10.196
2022,Telecommunications,p5.1.4.2,4.051
2022,Computer and information service activities,p5.1.4.3,6.114
2022,"Wholesale and retail trade, food & beverage and accommodation",p5.2,16.309
2022,Wholesale and retail trade ,p5.2.1,13.748
2022,Wholesale trade,p5.2.1.1,3.848
2022,Retail trade,p5.2.1.2,18.606
2022,Motor vehicles,p5.2.1.3,39.861
2022,Food and beverage,p5.2.2,22.223
2022,Accommodation,p5.2.3,132.302
2022,"Finance and insurance, real estate and business services",p5.3,8.164
2022,Finance,p5.3.1,2.595
2022,Monetary intermediation,p5.3.1.1,4.025
2022,Other financial intermediation and activities auxiliary to finance,p5.3.1.2,-4.736
2022,Insurance,p5.3.2,-4.038
2022,Insurance and pension funding,p5.3.2.1,-4.357
2022,Activities auxiliary to insurance,p5.3.2.2,11.017
2022,Real estate,p5.3.3,29.853
2022,Business services,p5.3.4,19.816
2022,"Professional, scientific and technical ",p5.3.4.1,17.431
2022,Administrative and support services,p5.3.4.2,27.011
2022,Other services,p5.4,10.758
2022,Private health services,p5.4.1,9.496
2022,Private education services,p5.4.2,7.893
2022,Owner-occupied dwellings,p5.4.3,1.649
2022,Non-profit institutions serving households,p5.4.4,14.257
2022,Domestic services of households,p5.4.5,0.705
2022,Other services not elsewhere classified,p5.4.6,65.262
2022,Government services,p5.5,4.528
2022,General public services,p5.5.01,39.435
2022,Defence,p5.5.02,0.947
2022,Public order and safety,p5.5.03,-0.689
2022,Economic affairs,p5.5.04,7.787
2022,Environmental protection,p5.5.05,-6.838
2022,Housing and community amenities,p5.5.06,-4.819
2022,Health,p5.5.07,-6.087
2022,"Recreation, culture and religion",p5.5.08,6.61
2022,Education,p5.5.09,-0.084
2022,Social protection,p5.5.10,-5.327
2022,Import duties,p6,7.301
2023,Agriculture,p1,0.729
2023,Crops,p1.1,1.539
2023,Rubber,p1.1.1,-6.592
2023,Oil palm,p1.1.2,0.23
2023,Paddy,p1.1.3,-1.349
2023,Vegetables,p1.1.4,5.278
2023,Fruits,p1.1.5,4.302
2023,Food crops,p1.1.6,1.888
2023,Others ,p1.1.7,2.995
2023,Livestock,p1.2,0.736
2023,Poultry,p1.2.1,0.455
2023,Cattle,p1.2.2 ,7.384
2023,Other livestocks,p1.2.3,-0.307
2023,Forestry and logging,p1.3,-8.955
2023,Fishing,p1.4,0.459
2023,Marine fishing,p1.4.1,0.703
2023,Aquaculture,p1.4.2,0.07
2023,Mining and quarrying,p2,0.528
2023,Crude oil and condensate,p2.1,-0.353
2023,Natural gas ,p2.2,0.609
2023,Other mining & quarrying and supporting services,p2.3,3.635
2023,Manufacturing,p3,0.706
2023,"Minyak dan lemak daripada sayuran & haiwan, prosesan makanan, minuman dan produk tembakau",p3.1,5.327
2023,Vegetable and animal oils & fats,p3.1.1,4.218
2023,Food processing,p3.1.2,5.542
2023,Beverages,p3.1.3,1.458
2023,Tobacco products,p3.1.4,13.991
2023,"Tekstil, pakaian dan produk kulit",p3.2,1.183
2023,Textile and wearing apparel,p3.2.1,0.132
2023,Leather and related products,p3.2.2,7.526
2023,"Produk kayu, perabot, keluaran kertas dan percetakan ",p3.3,0.816
2023,Wood products ,p3.3.1,-4.13
2023,Paper and paper products,p3.3.2,3.835
2023,Printing and reproduction of recorded media ,p3.3.3,5.866
2023,"Produk petroleum, kimia, getah dan plastik",p3.4,-0.802
2023,Refined petroleum products,p3.4.1,-2.261
2023,Chemicals & chemical products and pharmaceutical products ,p3.4.2,3.623
2023,Rubber products,p3.4.3,-7.132
2023,Plastics products,p3.4.4,-2.718
2023,"Produk mineral bukan logam, logam asas dan produk logam yang direka",p3.5,5.168
2023,Non-metallic mineral products,p3.5.1,4.258
2023,Basic metals,p3.5.2,2.934
2023,Fabricated metal products,p3.5.3,7.041
2023,"Produk elektrik, elektronik dan optikal",p3.6,-1.593
2023,Machinery and equipment,p3.6.1,-1.974
2023,Computers and peripheral equipment,p3.6.2,4.681
2023,Electrical equipment,p3.6.3,2.007
2023,"Electronic components & boards, communication equipment and consumer electronics",p3.6.4,-2.986
2023,"Manufacture of medical, precision & optical instrument, watches and clocks",p3.6.5,6.82
2023,"Peralatan pengangkutan, pembuatan lain dan pembaikan",p3.7,2.452
2023,Motor vehicles and transport equipment,p3.7.1,3.555
2023,Furniture,p3.7.2,-4.527
2023,Other manufacturing and repair & installation of machinery and equipment,p3.7.3,3.118
2023,Construction,p4,6.051
2023,Buildings,p4.1,0.842
2023,Residential buildings,p4.1.1,2.442
2023,Non-residential buildings,p4.1.2,-0.452
2023,Civil engineering,p4.2,14.503
2023,Specialised construction activities,p4.3,6.544
2023,Services,p5,5.118
2023,"Utilities, transportation & storage and information & communication",p5.1,6.28
2023,Electricity and gas,p5.1.1,2.198
2023,"Water, sewerage and waste management",p5.1.2,4.032
2023,Transportation and storage,p5.1.3,13.843
2023,Land transport,p5.1.3.1,15.342
2023,Water transport,p5.1.3.2,11.971
2023,Air transport,p5.1.3.3,34.556
2023,Port and airport operation,p5.1.3.4,10.279
2023,Highway operation,p5.1.3.5,14.072
2023,Support activities for transportation,p5.1.3.6,12.367
2023,Postal and courier ,p5.1.3.7,6.777
2023,Information and communication,p5.1.4,3.571
2023,Publishing and broadcasting activities ,p5.1.4.1,6.291
2023,Telecommunications,p5.1.4.2,3.214
2023,Computer and information service activities,p5.1.4.3,3.736
2023,"Wholesale and retail trade, food & beverage and accommodation",p5.2,6.114
2023,Wholesale and retail trade ,p5.2.1,5.853
2023,Wholesale trade,p5.2.1.1,4.655
2023,Retail trade,p5.2.1.2,6.197
2023,Motor vehicles,p5.2.1.3,8.969
2023,Food and beverage,p5.2.2,2.494
2023,Accommodation,p5.2.3,29.166
2023,"Finance and insurance, real estate and business services",p5.3,1.896
2023,Finance,p5.3.1,-0.829
2023,Monetary intermediation,p5.3.1.1,-3.664
2023,Other financial intermediation and activities auxiliary to finance,p5.3.1.2,15.039
2023,Insurance,p5.3.2,-6.54
2023,Insurance and pension funding,p5.3.2.1,-6.907
2023,Activities auxiliary to insurance,p5.3.2.2,8.397
2023,Real estate,p5.3.3,4.242
2023,Business services,p5.3.4,10.674
2023,"Professional, scientific and technical ",p5.3.4.1,9.255
2023,Administrative and support services,p5.3.4.2,14.633
2023,Other services,p5.4,6.294
2023,Private health services,p5.4.1,9.413
2023,Private education services,p5.4.2,7.35
2023,Owner-occupied dwellings,p5.4.3,3.212
2023,Non-profit institutions serving households,p5.4.4,6.151
2023,Domestic services of households,p5.4.5,9.6
2023,Other services not elsewhere classified,p5.4.6,11.286
2023,Government services,p5.5,4.681
2023,General public services,p5.5.01,7.521
2023,Defence,p5.5.02,4.701
2023,Public order and safety,p5.5.03,5.673
2023,Economic affairs,p5.5.04,1.95
2023,Environmental protection,p5.5.05,-5.963
2023,Housing and community amenities,p5.5.06,7.053
2023,Health,p5.5.07,10.559
2023,"Recreation, culture and religion",p5.5.08,-1.37
2023,Education,p5.5.09,1.792
2023,Social protection,p5.5.10,12.586
2023,Import duties,p6,9.581
